序号,推荐类别,目标名称,NORAD ID,COSPAR ID,轨道类型,估算高度,倾角,平均运动,来源分组,教学价值,推荐理由
1,导航定位,BEIDOU-2 G4 (C04),37210,2010-057A,GEO/高轨,"约35,787 km",3.66,1.002711,beidou,北斗导航卫星,适合讲解MEO星座、定位授时和多系统对比。
2,导航定位,BEIDOU-2 G5 (C05),38091,2012-008A,GEO/高轨,"约35,786 km",3.59,1.002746,beidou,北斗导航卫星,适合讲解MEO星座、定位授时和多系统对比。
3,导航定位,BEIDOU-2 G6 (C02),38953,2012-059A,GEO/高轨,"约35,787 km",4.44,1.002716,beidou,北斗导航卫星,适合讲解MEO星座、定位授时和多系统对比。
4,导航定位,BEIDOU-2 G7 (C03),41586,2016-037A,GEO/高轨,"约35,786 km",1.74,1.002735,beidou,北斗导航卫星,适合讲解MEO星座、定位授时和多系统对比。
5,导航定位,BEIDOU-2 G8 (C01),44231,2019-027A,GEO/高轨,"约35,787 km",1.68,1.002692,beidou,北斗导航卫星,适合讲解MEO星座、定位授时和多系统对比。
6,导航定位,BEIDOU-2 IGSO-1 (C06),36828,2010-036A,GEO/高轨,"约35,787 km",54.3,1.0027,beidou,北斗导航卫星,适合讲解MEO星座、定位授时和多系统对比。
7,导航定位,BEIDOU-2 IGSO-2 (C07),37256,2010-068A,GEO/高轨,"约35,784 km",47.53,1.002812,beidou,北斗导航卫星,适合讲解MEO星座、定位授时和多系统对比。
8,导航定位,BEIDOU-2 IGSO-3 (C08),37384,2011-013A,GEO/高轨,"约35,788 km",62.42,1.002664,beidou,北斗导航卫星,适合讲解MEO星座、定位授时和多系统对比。
9,导航定位,BEIDOU-2 IGSO-4 (C09),37763,2011-038A,GEO/高轨,"约35,783 km",54.6,1.002844,beidou,北斗导航卫星,适合讲解MEO星座、定位授时和多系统对比。
10,导航定位,BEIDOU-2 IGSO-5 (C10),37948,2011-073A,GEO/高轨,"约35,787 km",47.66,1.002721,beidou,北斗导航卫星,适合讲解MEO星座、定位授时和多系统对比。
11,导航定位,BEIDOU-2 IGSO-6 (C13),41434,2016-021A,GEO/高轨,"约35,790 km",60.24,1.002591,beidou,北斗导航卫星,适合讲解MEO星座、定位授时和多系统对比。
12,导航定位,BEIDOU-2 IGSO-7 (C16),43539,2018-057A,GEO/高轨,"约35,793 km",55.2,1.002491,beidou,北斗导航卫星,适合讲解MEO星座、定位授时和多系统对比。
13,导航定位,BEIDOU-2 M3 (C11),38250,2012-018A,MEO,"约21,528 km",55.75,1.862296,beidou,北斗导航卫星,适合讲解MEO星座、定位授时和多系统对比。
14,导航定位,BEIDOU-2 M4 (C12),38251,2012-018B,MEO,"约21,528 km",55.65,1.862296,beidou,北斗导航卫星,适合讲解MEO星座、定位授时和多系统对比。
15,导航定位,BEIDOU-2 M6 (C14),38775,2012-050B,MEO,"约21,528 km",56.55,1.862311,beidou,北斗导航卫星,适合讲解MEO星座、定位授时和多系统对比。
16,导航定位,BEIDOU-3 G1 (C59),43683,2018-085A,GEO/高轨,"约35,787 km",2.89,1.002708,beidou,北斗导航卫星,适合讲解MEO星座、定位授时和多系统对比。
17,导航定位,BEIDOU-3 G2 (C60),45344,2020-017A,GEO/高轨,"约35,787 km",2.88,1.00272,beidou,北斗导航卫星,适合讲解MEO星座、定位授时和多系统对比。
18,导航定位,BEIDOU-3 G3 (C61),45807,2020-040A,GEO/高轨,"约35,786 km",2.47,1.002753,beidou,北斗导航卫星,适合讲解MEO星座、定位授时和多系统对比。
19,导航定位,BEIDOU-3 IGSO-1 (C38),44204,2019-023A,GEO/高轨,"约35,782 km",58.71,1.0029,beidou,北斗导航卫星,适合讲解MEO星座、定位授时和多系统对比。
20,导航定位,BEIDOU-3 IGSO-2 (C39),44337,2019-035A,GEO/高轨,"约35,789 km",55.25,1.002644,beidou,北斗导航卫星,适合讲解MEO星座、定位授时和多系统对比。
21,导航定位,BEIDOU-3 M1 (C19),43001,2017-069A,MEO,"约21,528 km",56.7,1.862312,beidou,北斗导航卫星,适合讲解MEO星座、定位授时和多系统对比。
22,导航定位,BEIDOU-3 M10 (C30),43246,2018-029B,MEO,"约21,528 km",54.19,1.862291,beidou,北斗导航卫星,适合讲解MEO星座、定位授时和多系统对比。
23,导航定位,BEIDOU-3 M11 (C25),43603,2018-067B,MEO,"约21,529 km",54.18,1.862272,beidou,北斗导航卫星,适合讲解MEO星座、定位授时和多系统对比。
24,导航定位,BEIDOU-3 M12 (C26),43602,2018-067A,MEO,"约21,529 km",54.18,1.862277,beidou,北斗导航卫星,适合讲解MEO星座、定位授时和多系统对比。
25,导航定位,BEIDOU-3 M13 (C32),43622,2018-072A,MEO,"约21,528 km",56.63,1.862311,beidou,北斗导航卫星,适合讲解MEO星座、定位授时和多系统对比。
26,导航定位,BEIDOU-3 M14 (C33),43623,2018-072B,MEO,"约21,528 km",56.63,1.862311,beidou,北斗导航卫星,适合讲解MEO星座、定位授时和多系统对比。
27,导航定位,BEIDOU-3 M15 (C34),43648,2018-078B,MEO,"约21,528 km",54.08,1.862325,beidou,北斗导航卫星,适合讲解MEO星座、定位授时和多系统对比。
28,导航定位,BEIDOU-3 M16 (C35),43647,2018-078A,MEO,"约21,528 km",54.08,1.862324,beidou,北斗导航卫星,适合讲解MEO星座、定位授时和多系统对比。
29,导航定位,BEIDOU-3 M17 (C36),43706,2018-093A,MEO,"约21,528 km",54.17,1.862285,beidou,北斗导航卫星,适合讲解MEO星座、定位授时和多系统对比。
30,导航定位,BEIDOU-3 M18 (C37),43707,2018-093B,MEO,"约21,529 km",54.17,1.862267,beidou,北斗导航卫星,适合讲解MEO星座、定位授时和多系统对比。
31,导航定位,BEIDOU-3 M19 (C41),44864,2019-090A,MEO,"约21,528 km",56.56,1.862315,beidou,北斗导航卫星,适合讲解MEO星座、定位授时和多系统对比。
32,导航定位,BEIDOU-3 M2 (C20),43002,2017-069B,MEO,"约21,528 km",56.7,1.862305,beidou,北斗导航卫星,适合讲解MEO星座、定位授时和多系统对比。
33,导航定位,BEIDOU-3 M20 (C42),44865,2019-090B,MEO,"约21,528 km",56.57,1.862315,beidou,北斗导航卫星,适合讲解MEO星座、定位授时和多系统对比。
34,导航定位,BEIDOU-3 M21 (C43),44794,2019-078B,MEO,"约21,529 km",53.91,1.862277,beidou,北斗导航卫星,适合讲解MEO星座、定位授时和多系统对比。
35,导航定位,BEIDOU-3 M22 (C44),44793,2019-078A,MEO,"约21,529 km",53.93,1.862271,beidou,北斗导航卫星,适合讲解MEO星座、定位授时和多系统对比。
36,导航定位,BEIDOU-3 M23 (C45),44543,2019-061B,MEO,"约21,529 km",54.4,1.862273,beidou,北斗导航卫星,适合讲解MEO星座、定位授时和多系统对比。
37,导航定位,BEIDOU-3 M24 (C46),44542,2019-061A,MEO,"约21,528 km",54.4,1.862291,beidou,北斗导航卫星,适合讲解MEO星座、定位授时和多系统对比。
38,导航定位,BEIDOU-3 M3 (C21),43208,2018-018B,MEO,"约21,528 km",56.66,1.862312,beidou,北斗导航卫星,适合讲解MEO星座、定位授时和多系统对比。
39,导航定位,BEIDOU-3 M4 (C22),43207,2018-018A,MEO,"约21,528 km",56.66,1.862312,beidou,北斗导航卫星,适合讲解MEO星座、定位授时和多系统对比。
40,导航定位,BEIDOU-3 M5 (C23),43581,2018-062A,MEO,"约21,528 km",54.09,1.862289,beidou,北斗导航卫星,适合讲解MEO星座、定位授时和多系统对比。
41,导航定位,BEIDOU-3 M6 (C24),43582,2018-062B,MEO,"约21,529 km",54.09,1.862277,beidou,北斗导航卫星,适合讲解MEO星座、定位授时和多系统对比。
42,导航定位,BEIDOU-3 M7 (C27),43107,2018-003A,MEO,"约21,529 km",54.32,1.862279,beidou,北斗导航卫星,适合讲解MEO星座、定位授时和多系统对比。
43,导航定位,BEIDOU-3 M8 (C28),43108,2018-003B,MEO,"约21,528 km",54.31,1.862311,beidou,北斗导航卫星,适合讲解MEO星座、定位授时和多系统对比。
44,导航定位,BEIDOU-3 M9 (C29),43245,2018-029A,MEO,"约21,528 km",54.19,1.862285,beidou,北斗导航卫星,适合讲解MEO星座、定位授时和多系统对比。
45,导航定位,BEIDOU-3S IGSO-1S (C31),40549,2015-019A,GEO/高轨,"约35,793 km",49.18,1.002498,beidou,北斗导航卫星,适合讲解MEO星座、定位授时和多系统对比。
46,导航定位,BEIDOU-3S IGSO-2S (C56),40938,2015-053A,GEO/高轨,"约35,791 km",49.21,1.002581,beidou,北斗导航卫星,适合讲解MEO星座、定位授时和多系统对比。
47,导航定位,BEIDOU-3S M1S (C57),40749,2015-037B,MEO,"约21,526 km",54.86,1.86255,beidou,北斗导航卫星,适合讲解MEO星座、定位授时和多系统对比。
48,导航定位,BEIDOU-3S M2S (C58),40748,2015-037A,MEO,"约21,528 km",54.87,1.86232,beidou,北斗导航卫星,适合讲解MEO星座、定位授时和多系统对比。
49,遥感观测,AQUA,27424,2002-022A,SSO/近极轨,约686 km,98.43,14.621673,visual,肉眼可见经典目标,适合讲解对地成像、资源调查和太阳同步轨道。
50,空间站/载人航天,CREW DRAGON 12,67796,2026-031A,LEO,约419 km,51.63,15.49416,stations,空间站/载人平台,适合讲解载人航天、交会对接和近地轨道运行。
51,空间站/载人航天,CYGNUS NG-24,68689,2026-079A,LEO,约419 km,51.63,15.493962,stations,空间站/载人平台,适合讲解载人航天、交会对接和近地轨道运行。
52,火箭体/碎片,FREGAT DEB,49271,2011-037PF,LEO,"约1,498 km",51.62,12.42164,stations,空间站/载人平台,适合讲解空间碎片来源、再入风险和碰撞预警。
53,空间站/载人航天,ISS OBJECT XY,66912,1998-067XY,LEO,约254 km,51.61,16.073628,stations,空间站/载人平台,适合讲解载人航天、交会对接和近地轨道运行。
54,空间站/载人航天,PROGRESS-MS 33,68319,2026-058A,LEO,约419 km,51.63,15.49416,stations,空间站/载人平台,适合讲解载人航天、交会对接和近地轨道运行。
55,空间站/载人航天,PROGRESS-MS 34,68837,2026-093A,LEO,约419 km,51.63,15.493962,stations,空间站/载人平台,适合讲解载人航天、交会对接和近地轨道运行。
56,空间站/载人航天,SOYUZ-MS 28,66664,2025-275A,LEO,约419 km,51.63,15.49416,stations,空间站/载人平台,适合讲解载人航天、交会对接和近地轨道运行。
57,遥感观测,TERRA,25994,1999-068A,SSO/近极轨,约690 km,97.95,14.611078,visual,肉眼可见经典目标,适合讲解对地成像、资源调查和太阳同步轨道。
58,导航定位,GPS BIIF-1  (PRN 25),36585,2010-022A,MEO,"约20,182 km",54.27,2.005629,gps-ops,GPS导航卫星,适合讲解MEO星座、定位授时和多系统对比。
59,导航定位,GPS BIIF-3  (PRN 24),38833,2012-053A,MEO,"约20,182 km",53.59,2.005676,gps-ops,GPS导航卫星,适合讲解MEO星座、定位授时和多系统对比。
60,导航定位,GPS BIIF-4  (PRN 27),39166,2013-023A,MEO,"约20,182 km",54.5,2.005635,gps-ops,GPS导航卫星,适合讲解MEO星座、定位授时和多系统对比。
61,导航定位,GPS BIIF-5  (PRN 30),39533,2014-008A,MEO,"约20,183 km",53.66,2.005603,gps-ops,GPS导航卫星,适合讲解MEO星座、定位授时和多系统对比。
62,导航定位,GPS BIIF-6  (PRN 06),39741,2014-026A,MEO,"约20,183 km",56.5,2.005606,gps-ops,GPS导航卫星,适合讲解MEO星座、定位授时和多系统对比。
63,导航定位,GPS BIIF-7  (PRN 09),40105,2014-045A,MEO,"约20,183 km",55.36,2.005589,gps-ops,GPS导航卫星,适合讲解MEO星座、定位授时和多系统对比。
64,导航定位,GPS BIIR-11 (PRN 19),28190,2004-009A,MEO,"约20,183 km",54.82,2.005546,gps-ops,GPS导航卫星,适合讲解MEO星座、定位授时和多系统对比。
65,导航定位,GPS BIIR-13 (PRN 02),28474,2004-045A,MEO,"约20,183 km",55.13,2.005563,gps-ops,GPS导航卫星,适合讲解MEO星座、定位授时和多系统对比。
66,导航定位,GPS BIIR-5  (PRN 22),26407,2000-040A,MEO,"约20,183 km",54.85,2.005578,gps-ops,GPS导航卫星,适合讲解MEO星座、定位授时和多系统对比。
67,导航定位,GPS BIIR-8  (PRN 16),27663,2003-005A,MEO,"约20,183 km",54.88,2.005603,gps-ops,GPS导航卫星,适合讲解MEO星座、定位授时和多系统对比。
68,导航定位,GPS BIIRM-1 (PRN 17),28874,2005-038A,MEO,"约20,182 km",54.87,2.005653,gps-ops,GPS导航卫星,适合讲解MEO星座、定位授时和多系统对比。
69,导航定位,GPS BIIRM-2 (PRN 31),29486,2006-042A,MEO,"约20,182 km",54.71,2.005695,gps-ops,GPS导航卫星,适合讲解MEO星座、定位授时和多系统对比。
70,导航定位,GPS BIIRM-3 (PRN 12),29601,2006-052A,MEO,"约20,183 km",54.93,2.005583,gps-ops,GPS导航卫星,适合讲解MEO星座、定位授时和多系统对比。
71,导航定位,GPS BIIRM-4 (PRN 15),32260,2007-047A,MEO,"约20,183 km",54.1,2.00555,gps-ops,GPS导航卫星,适合讲解MEO星座、定位授时和多系统对比。
72,导航定位,GPS BIIRM-5 (PRN 29),32384,2007-062A,MEO,"约20,183 km",55.03,2.005606,gps-ops,GPS导航卫星,适合讲解MEO星座、定位授时和多系统对比。
73,导航定位,GPS BIIRM-6 (PRN 07),32711,2008-012A,MEO,"约20,182 km",54.5,2.005726,gps-ops,GPS导航卫星,适合讲解MEO星座、定位授时和多系统对比。
74,导航定位,GPS BIIRM-8 (PRN 05),35752,2009-043A,MEO,"约20,183 km",56.21,2.00554,gps-ops,GPS导航卫星,适合讲解MEO星座、定位授时和多系统对比。
75,导航定位,GSAT0101 (GALILEO-PFM),37846,2011-060A,MEO,"约23,222 km",56.99,1.704758,galileo,Galileo导航卫星,适合讲解MEO星座、定位授时和多系统对比。
76,导航定位,GSAT0102 (GALILEO-FM2),37847,2011-060B,MEO,"约23,222 km",56.99,1.70476,galileo,Galileo导航卫星,适合讲解MEO星座、定位授时和多系统对比。
77,导航定位,GSAT0103 (GALILEO-FM3),38857,2012-055A,MEO,"约23,222 km",55.81,1.704735,galileo,Galileo导航卫星,适合讲解MEO星座、定位授时和多系统对比。
78,导航定位,GSAT0201 (GALILEO 5),40128,2014-050A,MEO,"约21,599 km",48.87,1.855201,galileo,Galileo导航卫星,适合讲解MEO星座、定位授时和多系统对比。
79,综合目标,CORAL,67684,1998-067YA,LEO,约333 km,51.62,15.792061,stations,空间站/载人平台,适合补充轨道类型和任务类型覆盖。
80,综合目标,DUPLEX,66906,1998-067XS,LEO,约379 km,51.63,15.630155,stations,空间站/载人平台,适合补充轨道类型和任务类型覆盖。
81,综合目标,GXIBA-1,67685,1998-067YB,LEO,约381 km,51.63,15.622411,stations,空间站/载人平台,适合补充轨道类型和任务类型覆盖。
82,综合目标,HMU-SAT2,67688,1998-067YE,LEO,约376 km,51.63,15.64045,stations,空间站/载人平台,适合补充轨道类型和任务类型覆盖。
83,综合目标,HRC MONOBLOCK CAMERA,66052,1998-067XR,LEO,约345 km,51.62,15.750602,stations,空间站/载人平台,适合补充轨道类型和任务类型覆盖。
84,综合目标,KNACKSAT-2,67683,1998-067XZ,LEO,约386 km,51.63,15.604941,stations,空间站/载人平台,适合补充轨道类型和任务类型覆盖。
85,综合目标,LEOPARD,67687,1998-067YD,LEO,约383 km,51.63,15.615526,stations,空间站/载人平台,适合补充轨道类型和任务类型覆盖。
86,综合目标,POISK,36086,2009-060A,LEO,约419 km,51.63,15.49416,stations,空间站/载人平台,适合补充轨道类型和任务类型覆盖。
87,综合目标,UITMSAT-2,67686,1998-067YC,LEO,约371 km,51.63,15.657252,stations,空间站/载人平台,适合补充轨道类型和任务类型覆盖。
88,气象环境,FENGYUN 2G,40367,2014-090A,GEO/高轨,"约35,787 km",5.66,1.0027,weather,气象卫星,适合讲解极轨/静止气象观测和地球环境监测。
89,气象环境,FENGYUN 2H,43491,2018-050A,GEO/高轨,"约35,787 km",3.05,1.002697,weather,气象卫星,适合讲解极轨/静止气象观测和地球环境监测。
90,气象环境,FENGYUN 3A,32958,2008-026A,SSO/近极轨,约827 km,98.69,14.195723,weather,气象卫星,适合讲解极轨/静止气象观测和地球环境监测。
91,气象环境,FENGYUN 3B,37214,2010-059A,SSO/近极轨,约843 km,98.96,14.148414,weather,气象卫星,适合讲解极轨/静止气象观测和地球环境监测。
92,气象环境,FENGYUN 3C,39260,2013-052A,SSO/近极轨,约840 km,98.5,14.157567,weather,气象卫星,适合讲解极轨/静止气象观测和地球环境监测。
93,气象环境,FENGYUN 3D,43010,2017-072A,SSO/近极轨,约826 km,99.01,14.197417,weather,气象卫星,适合讲解极轨/静止气象观测和地球环境监测。
94,气象环境,FENGYUN 3E,49008,2021-062A,SSO/近极轨,约826 km,98.75,14.199049,weather,气象卫星,适合讲解极轨/静止气象观测和地球环境监测。
95,气象环境,FENGYUN 3H,65815,2025-219A,SSO/近极轨,约826 km,98.68,14.199215,weather,气象卫星,适合讲解极轨/静止气象观测和地球环境监测。
96,气象环境,FENGYUN 4A,41882,2016-077A,GEO/高轨,"约35,789 km",2.34,1.002652,weather,气象卫星,适合讲解极轨/静止气象观测和地球环境监测。
97,气象环境,SENTINEL-3A,41335,2016-011A,SSO/近极轨,约803 km,98.62,14.267347,weather,气象卫星,适合讲解极轨/静止气象观测和地球环境监测。
98,气象环境,SENTINEL-3B,43437,2018-039A,SSO/近极轨,约803 km,98.62,14.267368,weather,气象卫星,适合讲解极轨/静止气象观测和地球环境监测。
99,科学/测地,SWIFT,28485,2004-047A,LEO,约362 km,20.55,15.688704,science,科学卫星,适合讲解空间科学、测地基准和特殊任务轨道。
100,科学/测地,ZHANGHENG 1-01 (CSES-1),43194,2018-015C,SSO/近极轨,约503 km,97.69,15.209027,science,科学卫星,适合讲解空间科学、测地基准和特殊任务轨道。
101,火箭体/碎片,ARIANE 40 R/B,20443,1990-005H,SSO/近极轨,约759 km,98.3,14.399305,visual,肉眼可见经典目标,适合讲解空间碎片来源、再入风险和碰撞预警。
102,火箭体/碎片,ARIANE 40 R/B,21610,1991-050F,SSO/近极轨,约749 km,98.19,14.429604,visual,肉眼可见经典目标,适合讲解空间碎片来源、再入风险和碰撞预警。
103,火箭体/碎片,ARIANE 40 R/B,22830,1993-061H,SSO/近极轨,约782 km,98.48,14.329103,visual,肉眼可见经典目标,适合讲解空间碎片来源、再入风险和碰撞预警。
104,火箭体/碎片,ARIANE 40+ R/B,23561,1995-021B,SSO/近极轨,约759 km,98.44,14.398367,visual,肉眼可见经典目标,适合讲解空间碎片来源、再入风险和碰撞预警。
105,火箭体/碎片,ARIANE 5 R/B,28499,2004-049H,SSO/近极轨,约612 km,98.27,14.854563,visual,肉眼可见经典目标,适合讲解空间碎片来源、再入风险和碰撞预警。
106,火箭体/碎片,ATLAS CENTAUR R/B,6155,1972-065B,LEO,约636 km,35.0,14.779341,visual,肉眼可见经典目标,适合讲解空间碎片来源、再入风险和碰撞预警。
107,火箭体/碎片,CZ-2C R/B,28222,2004-012C,SSO/近极轨,约330 km,97.71,15.802406,visual,肉眼可见经典目标,适合讲解空间碎片来源、再入风险和碰撞预警。
108,火箭体/碎片,CZ-2C R/B,28480,2004-046B,SSO/近极轨,约802 km,98.19,14.270278,visual,肉眼可见经典目标,适合讲解空间碎片来源、再入风险和碰撞预警。
109,火箭体/碎片,CZ-2C R/B,31114,2007-010B,SSO/近极轨,约825 km,98.41,14.202775,visual,肉眼可见经典目标,适合讲解空间碎片来源、再入风险和碰撞预警。
110,火箭体/碎片,CZ-2C R/B,37731,2011-030B,SSO/近极轨,约625 km,97.87,14.814861,visual,肉眼可见经典目标,适合讲解空间碎片来源、再入风险和碰撞预警。
111,火箭体/碎片,CZ-2C R/B,52794,2022-058K,LEO,约381 km,50.18,15.622938,visual,肉眼可见经典目标,适合讲解空间碎片来源、再入风险和碰撞预警。
112,火箭体/碎片,CZ-2C R/B,54039,2022-132E,SSO/近极轨,约352 km,97.29,15.722998,visual,肉眼可见经典目标,适合讲解空间碎片来源、再入风险和碰撞预警。
113,火箭体/碎片,CZ-2D R/B,28738,2005-024B,SSO/近极轨,约358 km,97.35,15.702341,visual,肉眼可见经典目标,适合讲解空间碎片来源、再入风险和碰撞预警。
114,火箭体/碎片,CZ-4B R/B,25732,1999-025C,SSO/近极轨,约831 km,98.65,14.182844,visual,肉眼可见经典目标,适合讲解空间碎片来源、再入风险和碰撞预警。
115,火箭体/碎片,CZ-4B R/B,27432,2002-024C,SSO/近极轨,约844 km,98.87,14.145654,visual,肉眼可见经典目标,适合讲解空间碎片来源、再入风险和碰撞预警。
116,火箭体/碎片,CZ-4B R/B,28059,2003-049C,SSO/近极轨,约709 km,98.69,14.551041,visual,肉眼可见经典目标,适合讲解空间碎片来源、再入风险和碰撞预警。
117,火箭体/碎片,CZ-4B R/B,28415,2004-035C,SSO/近极轨,约474 km,97.34,15.307097,visual,肉眼可见经典目标,适合讲解空间碎片来源、再入风险和碰撞预警。
118,火箭体/碎片,CZ-4B R/B,29507,2006-046C,SSO/近极轨,约513 km,97.55,15.178259,visual,肉眼可见经典目标,适合讲解空间碎片来源、再入风险和碰撞预警。
119,火箭体/碎片,CZ-8A R/B,66004,2025-231K,LEO,约791 km,50.01,14.301566,visual,肉眼可见经典目标,适合讲解空间碎片来源、再入风险和碰撞预警。
120,火箭体/碎片,DELTA 1 R/B,20323,1989-089B,SSO/近极轨,约723 km,97.06,14.50735,visual,肉眼可见经典目标,适合讲解空间碎片来源、再入风险和碰撞预警。
121,火箭体/碎片,DELTA 2 R/B,25876,1999-041E,LEO,约853 km,51.76,14.120247,visual,肉眼可见经典目标,适合讲解空间碎片来源、再入风险和碰撞预警。
122,火箭体/碎片,DELTA 2 R/B(1),20453,1990-008B,LEO,约360 km,35.6,15.697444,visual,肉眼可见经典目标,适合讲解空间碎片来源、再入风险和碰撞预警。
123,火箭体/碎片,GSLV R/B,54149,2022-138AN,LEO,约575 km,87.38,14.972837,visual,肉眼可见经典目标,适合讲解空间碎片来源、再入风险和碰撞预警。
124,火箭体/碎片,H-2A R/B,27601,2002-056E,SSO/近极轨,约779 km,98.33,14.338246,visual,肉眼可见经典目标,适合讲解空间碎片来源、再入风险和碰撞预警。
125,火箭体/碎片,H-2A R/B,28932,2006-002B,SSO/近极轨,约512 km,98.26,15.181387,visual,肉眼可见经典目标,适合讲解空间碎片来源、再入风险和碰撞预警。
126,火箭体/碎片,H-2A R/B,38341,2012-025E,SSO/近极轨,约580 km,98.48,14.957494,visual,肉眼可见经典目标,适合讲解空间碎片来源、再入风险和碰撞预警。
127,火箭体/碎片,H-2A R/B,43682,2018-084L,SSO/近极轨,约430 km,98.86,15.45439,visual,肉眼可见经典目标,适合讲解空间碎片来源、再入风险和碰撞预警。
128,火箭体/碎片,IDEFIX & ARIANE 42P R/B,27422,2002-021B,SSO/近极轨,约788 km,98.59,14.310847,visual,肉眼可见经典目标,适合讲解空间碎片来源、再入风险和碰撞预警。
129,遥感观测,LANDSAT 8,39084,2013-008A,SSO/近极轨,约703 km,98.23,14.570994,resource,资源/遥感卫星,适合讲解对地成像、资源调查和太阳同步轨道。
130,遥感观测,LANDSAT 9,49260,2021-088A,SSO/近极轨,约703 km,98.23,14.571013,resource,资源/遥感卫星,适合讲解对地成像、资源调查和太阳同步轨道。
131,遥感观测,SENTINEL-1A,39634,2014-016A,SSO/近极轨,约696 km,98.18,14.591993,resource,资源/遥感卫星,适合讲解对地成像、资源调查和太阳同步轨道。
132,遥感观测,SENTINEL-2A,40697,2015-028A,SSO/近极轨,约789 km,98.57,14.308171,resource,资源/遥感卫星,适合讲解对地成像、资源调查和太阳同步轨道。
133,遥感观测,SENTINEL-2B,42063,2017-013A,SSO/近极轨,约789 km,98.57,14.308191,resource,资源/遥感卫星,适合讲解对地成像、资源调查和太阳同步轨道。
134,遥感观测,SENTINEL-2C,60989,2024-157A,SSO/近极轨,约789 km,98.57,14.308195,resource,资源/遥感卫星,适合讲解对地成像、资源调查和太阳同步轨道。
135,遥感观测,SENTINEL-5P,42969,2017-064A,SSO/近极轨,约827 km,98.79,14.1952,resource,资源/遥感卫星,适合讲解对地成像、资源调查和太阳同步轨道。
136,遥感观测,SENTINEL-6A,46984,2020-086A,LEO,"约1,338 km",66.04,12.8093,resource,资源/遥感卫星,适合讲解对地成像、资源调查和太阳同步轨道。
137,遥感观测,SENTINEL-6B,66514,2025-264A,LEO,"约1,338 km",66.04,12.8093,resource,资源/遥感卫星,适合讲解对地成像、资源调查和太阳同步轨道。
138,火箭体/碎片,SL-12 R/B(2),15772,1985-042D,LEO,约819 km,71.11,14.220071,visual,肉眼可见经典目标,适合讲解空间碎片来源、再入风险和碰撞预警。
139,火箭体/碎片,SL-14 R/B,11267,1979-011B,LEO,约592 km,82.52,14.920207,visual,肉眼可见经典目标,适合讲解空间碎片来源、再入风险和碰撞预警。
140,火箭体/碎片,SL-14 R/B,11672,1980-005B,LEO,约595 km,82.51,14.910334,visual,肉眼可见经典目标,适合讲解空间碎片来源、再入风险和碰撞预警。
141,火箭体/碎片,SL-14 R/B,13553,1982-092B,LEO,约608 km,82.57,14.867527,visual,肉眼可见经典目标,适合讲解空间碎片来源、再入风险和碰撞预警。
142,火箭体/碎片,SL-14 R/B,14820,1984-027B,LEO,约610 km,82.54,14.86065,visual,肉眼可见经典目标,适合讲解空间碎片来源、再入风险和碰撞预警。
143,火箭体/碎片,SL-14 R/B,15945,1985-069B,LEO,约609 km,82.53,14.8652,visual,肉眼可见经典目标,适合讲解空间碎片来源、再入风险和碰撞预警。
144,火箭体/碎片,SL-14 R/B,16496,1986-006B,LEO,约608 km,82.53,14.869512,visual,肉眼可见经典目标,适合讲解空间碎片来源、再入风险和碰撞预警。
145,火箭体/碎片,SL-14 R/B,16792,1986-046B,LEO,约612 km,82.48,14.856752,visual,肉眼可见经典目标,适合讲解空间碎片来源、再入风险和碰撞预警。
146,火箭体/碎片,SL-14 R/B,16882,1986-055B,LEO,约611 km,82.52,14.857269,visual,肉眼可见经典目标,适合讲解空间碎片来源、再入风险和碰撞预警。
147,火箭体/碎片,SL-14 R/B,17567,1987-024B,LEO,约610 km,82.53,14.862172,visual,肉眼可见经典目标,适合讲解空间碎片来源、再入风险和碰撞预警。
148,火箭体/碎片,SL-14 R/B,17912,1987-038B,LEO,约612 km,82.5,14.854486,visual,肉眼可见经典目标,适合讲解空间碎片来源、再入风险和碰撞预警。
149,火箭体/碎片,SL-14 R/B,18153,1987-055B,LEO,约611 km,82.5,14.85715,visual,肉眼可见经典目标,适合讲解空间碎片来源、再入风险和碰撞预警。
150,火箭体/碎片,SL-14 R/B,18749,1988-001B,LEO,约612 km,82.51,14.856137,visual,肉眼可见经典目标,适合讲解空间碎片来源、再入风险和碰撞预警。
151,火箭体/碎片,SL-14 R/B,19574,1988-093B,LEO,约611 km,82.53,14.857465,visual,肉眼可见经典目标,适合讲解空间碎片来源、再入风险和碰撞预警。
152,火箭体/碎片,SL-14 R/B,20262,1989-080C,LEO,"约1,462 km",82.59,12.50573,visual,肉眼可见经典目标,适合讲解空间碎片来源、再入风险和碰撞预警。
153,火箭体/碎片,SL-14 R/B,20466,1990-010B,LEO,约618 km,82.5,14.836501,visual,肉眼可见经典目标,适合讲解空间碎片来源、再入风险和碰撞预警。
154,火箭体/碎片,SL-14 R/B,20511,1990-018B,LEO,约622 km,82.52,14.822201,visual,肉眼可见经典目标,适合讲解空间碎片来源、再入风险和碰撞预警。
155,火箭体/碎片,SL-14 R/B,21423,1991-042B,LEO,约623 km,82.49,14.819061,visual,肉眼可见经典目标,适合讲解空间碎片来源、再入风险和碰撞预警。
156,火箭体/碎片,SL-16 R/B,16182,1985-097B,LEO,约837 km,71.0,14.166119,visual,肉眼可见经典目标,适合讲解空间碎片来源、再入风险和碰撞预警。
157,火箭体/碎片,SL-16 R/B,17590,1987-027B,LEO,约835 km,71.0,14.171714,visual,肉眼可见经典目标,适合讲解空间碎片来源、再入风险和碰撞预警。
158,火箭体/碎片,SL-16 R/B,19120,1988-039B,LEO,约827 km,71.01,14.196309,visual,肉眼可见经典目标,适合讲解空间碎片来源、再入风险和碰撞预警。
159,遥感观测,TERRASAR-X,31698,2007-026A,SSO/近极轨,约509 km,97.44,15.191488,resource,资源/遥感卫星,适合讲解对地成像、资源调查和太阳同步轨道。
160,遥感观测,YAOGAN-29,41038,2015-069A,SSO/近极轨,约620 km,98.0,14.830891,visual,肉眼可见经典目标,适合讲解对地成像、资源调查和太阳同步轨道。
161,通信星座,ONEWEB-0006,44061,2019-010E,LEO,"约1,202 km",87.9,13.155498,oneweb,OneWeb星座,适合讲解星座壳层、空间交通和批量部署。
162,通信星座,ONEWEB-0007,44060,2019-010D,LEO,"约1,202 km",87.9,13.155487,oneweb,OneWeb星座,适合讲解星座壳层、空间交通和批量部署。
163,通信星座,ONEWEB-0008,44059,2019-010C,LEO,"约1,198 km",87.91,13.165962,oneweb,OneWeb星座,适合讲解星座壳层、空间交通和批量部署。
164,通信星座,ONEWEB-0010,44058,2019-010B,LEO,"约1,198 km",87.91,13.16595,oneweb,OneWeb星座,适合讲解星座壳层、空间交通和批量部署。
165,通信星座,ONEWEB-0011,44062,2019-010F,LEO,"约1,202 km",87.9,13.15548,oneweb,OneWeb星座,适合讲解星座壳层、空间交通和批量部署。
166,通信星座,ONEWEB-0012,44057,2019-010A,LEO,"约1,198 km",87.91,13.165951,oneweb,OneWeb星座,适合讲解星座壳层、空间交通和批量部署。
167,通信星座,ONEWEB-0013,45131,2020-008A,LEO,"约1,225 km",87.85,13.094542,oneweb,OneWeb星座,适合讲解星座壳层、空间交通和批量部署。
168,通信星座,ONEWEB-0017,45132,2020-008B,LEO,"约1,222 km",87.88,13.103639,oneweb,OneWeb星座,适合讲解星座壳层、空间交通和批量部署。
169,通信星座,ONEWEB-0018,45434,2020-020L,LEO,"约1,218 km",87.89,13.114214,oneweb,OneWeb星座,适合讲解星座壳层、空间交通和批量部署。
170,通信星座,ONEWEB-0019,45449,2020-020AB,LEO,"约1,218 km",87.89,13.114188,oneweb,OneWeb星座,适合讲解星座壳层、空间交通和批量部署。
171,通信星座,ONEWEB-0020,45133,2020-008C,LEO,"约1,222 km",87.88,13.104189,oneweb,OneWeb星座,适合讲解星座壳层、空间交通和批量部署。
172,通信星座,ONEWEB-0021,45134,2020-008D,LEO,"约1,222 km",87.88,13.103979,oneweb,OneWeb星座,适合讲解星座壳层、空间交通和批量部署。
173,通信星座,ONEWEB-0023,45136,2020-008F,LEO,"约1,222 km",87.88,13.103745,oneweb,OneWeb星座,适合讲解星座壳层、空间交通和批量部署。
174,通信星座,ONEWEB-0024,45137,2020-008G,LEO,"约1,222 km",87.88,13.104209,oneweb,OneWeb星座,适合讲解星座壳层、空间交通和批量部署。
175,通信星座,ONEWEB-0025,45138,2020-008H,LEO,"约1,222 km",87.88,13.104169,oneweb,OneWeb星座,适合讲解星座壳层、空间交通和批量部署。
176,通信星座,ONEWEB-0026,45139,2020-008J,LEO,"约1,218 km",87.89,13.114162,oneweb,OneWeb星座,适合讲解星座壳层、空间交通和批量部署。
177,通信星座,ONEWEB-0027,45432,2020-020J,LEO,"约1,194 km",87.91,13.176524,oneweb,OneWeb星座,适合讲解星座壳层、空间交通和批量部署。
178,通信星座,ONEWEB-0028,45140,2020-008K,LEO,"约1,218 km",87.89,13.114171,oneweb,OneWeb星座,适合讲解星座壳层、空间交通和批量部署。
179,通信星座,ONEWEB-0029,45445,2020-020X,LEO,"约1,218 km",87.89,13.114142,oneweb,OneWeb星座,适合讲解星座壳层、空间交通和批量部署。
180,通信星座,ONEWEB-0031,45431,2020-020H,LEO,"约1,218 km",87.89,13.114149,oneweb,OneWeb星座,适合讲解星座壳层、空间交通和批量部署。
181,通信星座,ONEWEB-0032,45141,2020-008L,LEO,"约1,222 km",87.88,13.103615,oneweb,OneWeb星座,适合讲解星座壳层、空间交通和批量部署。
182,通信星座,ONEWEB-0033,45142,2020-008M,LEO,"约1,222 km",87.88,13.104032,oneweb,OneWeb星座,适合讲解星座壳层、空间交通和批量部署。
183,通信星座,ONEWEB-0034,45454,2020-020AG,LEO,"约1,218 km",87.89,13.11417,oneweb,OneWeb星座,适合讲解星座壳层、空间交通和批量部署。
184,通信星座,ONEWEB-0035,45143,2020-008N,LEO,"约1,222 km",87.88,13.103771,oneweb,OneWeb星座,适合讲解星座壳层、空间交通和批量部署。
185,通信星座,ONEWEB-0036,45144,2020-008P,LEO,"约1,223 km",87.88,13.099787,oneweb,OneWeb星座,适合讲解星座壳层、空间交通和批量部署。
186,通信星座,ONEWEB-0037,45440,2020-020S,LEO,"约1,216 km",87.89,13.119131,oneweb,OneWeb星座,适合讲解星座壳层、空间交通和批量部署。
187,通信星座,ONEWEB-0038,45145,2020-008Q,LEO,"约1,218 km",87.89,13.114144,oneweb,OneWeb星座,适合讲解星座壳层、空间交通和批量部署。
188,通信星座,ONEWEB-0039,45146,2020-008R,LEO,"约1,222 km",87.88,13.104482,oneweb,OneWeb星座,适合讲解星座壳层、空间交通和批量部署。
189,通信星座,ONEWEB-0040,45147,2020-008S,LEO,"约1,222 km",87.88,13.104349,oneweb,OneWeb星座,适合讲解星座壳层、空间交通和批量部署。
190,通信星座,ONEWEB-0042,45441,2020-020T,LEO,"约1,218 km",87.89,13.114173,oneweb,OneWeb星座,适合讲解星座壳层、空间交通和批量部署。
191,通信星座,ONEWEB-0043,45149,2020-008U,LEO,"约1,222 km",87.88,13.104163,oneweb,OneWeb星座,适合讲解星座壳层、空间交通和批量部署。
192,通信星座,ONEWEB-0044,45150,2020-008V,LEO,"约1,222 km",87.88,13.103527,oneweb,OneWeb星座,适合讲解星座壳层、空间交通和批量部署。
193,通信星座,ONEWEB-0045,45151,2020-008W,LEO,"约1,218 km",87.89,13.114146,oneweb,OneWeb星座,适合讲解星座壳层、空间交通和批量部署。
194,通信星座,ONEWEB-0046,45447,2020-020Z,LEO,"约1,218 km",87.89,13.114174,oneweb,OneWeb星座,适合讲解星座壳层、空间交通和批量部署。
195,通信星座,ONEWEB-0047,45152,2020-008X,LEO,"约1,222 km",87.88,13.103764,oneweb,OneWeb星座,适合讲解星座壳层、空间交通和批量部署。
196,通信星座,ONEWEB-0048,45153,2020-008Y,LEO,"约1,222 km",87.88,13.103991,oneweb,OneWeb星座,适合讲解星座壳层、空间交通和批量部署。
197,通信星座,ONEWEB-0049,45154,2020-008Z,LEO,"约1,222 km",87.88,13.103763,oneweb,OneWeb星座,适合讲解星座壳层、空间交通和批量部署。
198,通信星座,ONEWEB-0050,45453,2020-020AF,LEO,约597 km,88.93,14.904037,oneweb,OneWeb星座,适合讲解星座壳层、空间交通和批量部署。
199,通信星座,ONEWEB-0051,45155,2020-008AA,LEO,"约1,218 km",87.89,13.114161,oneweb,OneWeb星座,适合讲解星座壳层、空间交通和批量部署。
200,通信星座,ONEWEB-0052,45156,2020-008AB,LEO,"约1,222 km",87.88,13.103347,oneweb,OneWeb星座,适合讲解星座壳层、空间交通和批量部署。
201,通信星座,ONEWEB-0053,45157,2020-008AC,LEO,"约1,221 km",87.88,13.104675,oneweb,OneWeb星座,适合讲解星座壳层、空间交通和批量部署。
202,通信星座,ONEWEB-0054,45158,2020-008AD,LEO,"约1,222 km",87.88,13.103393,oneweb,OneWeb星座,适合讲解星座壳层、空间交通和批量部署。
203,通信星座,ONEWEB-0055,45443,2020-020V,LEO,"约1,218 km",87.89,13.114157,oneweb,OneWeb星座,适合讲解星座壳层、空间交通和批量部署。
204,通信星座,ONEWEB-0056,45159,2020-008AE,LEO,"约1,222 km",87.88,13.104293,oneweb,OneWeb星座,适合讲解星座壳层、空间交通和批量部署。
205,通信星座,ONEWEB-0057,45160,2020-008AF,LEO,"约1,222 km",87.88,13.10388,oneweb,OneWeb星座,适合讲解星座壳层、空间交通和批量部署。
206,通信星座,ONEWEB-0058,45161,2020-008AG,LEO,"约1,222 km",87.88,13.103705,oneweb,OneWeb星座,适合讲解星座壳层、空间交通和批量部署。
207,通信星座,ONEWEB-0059,45162,2020-008AH,LEO,"约1,222 km",87.88,13.104097,oneweb,OneWeb星座,适合讲解星座壳层、空间交通和批量部署。
208,通信星座,ONEWEB-0060,45455,2020-020AH,LEO,"约1,218 km",87.89,13.114139,oneweb,OneWeb星座,适合讲解星座壳层、空间交通和批量部署。
209,通信星座,ONEWEB-0061,45428,2020-020E,LEO,"约1,218 km",87.89,13.114149,oneweb,OneWeb星座,适合讲解星座壳层、空间交通和批量部署。
210,通信星座,ONEWEB-0062,45163,2020-008AJ,LEO,"约1,222 km",87.88,13.103516,oneweb,OneWeb星座,适合讲解星座壳层、空间交通和批量部署。
211,通信星座,ONEWEB-0063,45448,2020-020AA,LEO,"约1,218 km",87.89,13.114139,oneweb,OneWeb星座,适合讲解星座壳层、空间交通和批量部署。
212,通信星座,ONEWEB-0064,45433,2020-020K,LEO,"约1,218 km",87.89,13.114154,oneweb,OneWeb星座,适合讲解星座壳层、空间交通和批量部署。
213,通信星座,ONEWEB-0065,45164,2020-008AK,LEO,"约1,222 km",87.88,13.102828,oneweb,OneWeb星座,适合讲解星座壳层、空间交通和批量部署。
214,通信星座,ONEWEB-0066,45424,2020-020A,LEO,"约1,218 km",87.89,13.114179,oneweb,OneWeb星座,适合讲解星座壳层、空间交通和批量部署。
215,通信星座,ONEWEB-0067,45425,2020-020B,LEO,"约1,218 km",87.89,13.114233,oneweb,OneWeb星座,适合讲解星座壳层、空间交通和批量部署。
216,通信星座,ONEWEB-0068,45446,2020-020Y,LEO,"约1,218 km",87.89,13.114164,oneweb,OneWeb星座,适合讲解星座壳层、空间交通和批量部署。
217,通信星座,ONEWEB-0069,45430,2020-020G,LEO,"约1,218 km",87.89,13.114164,oneweb,OneWeb星座,适合讲解星座壳层、空间交通和批量部署。
218,通信星座,ONEWEB-0080,45426,2020-020C,LEO,"约1,218 km",87.89,13.114144,oneweb,OneWeb星座,适合讲解星座壳层、空间交通和批量部署。
219,通信星座,ONEWEB-0081,45429,2020-020F,LEO,"约1,218 km",87.89,13.11427,oneweb,OneWeb星座,适合讲解星座壳层、空间交通和批量部署。
220,通信星座,ONEWEB-0082,45452,2020-020AE,LEO,"约1,218 km",87.89,13.114145,oneweb,OneWeb星座,适合讲解星座壳层、空间交通和批量部署。
221,通信星座,ONEWEB-0083,45435,2020-020M,LEO,"约1,218 km",87.89,13.114186,oneweb,OneWeb星座,适合讲解星座壳层、空间交通和批量部署。
222,通信星座,ONEWEB-0085,45438,2020-020Q,LEO,"约1,218 km",87.89,13.114186,oneweb,OneWeb星座,适合讲解星座壳层、空间交通和批量部署。
223,通信星座,ONEWEB-0086,45456,2020-020AJ,LEO,"约1,218 km",87.89,13.114159,oneweb,OneWeb星座,适合讲解星座壳层、空间交通和批量部署。
224,通信星座,ONEWEB-0087,45451,2020-020AD,LEO,"约1,218 km",87.89,13.114151,oneweb,OneWeb星座,适合讲解星座壳层、空间交通和批量部署。
225,通信星座,ONEWEB-0088,45457,2020-020AK,LEO,"约1,218 km",87.89,13.114184,oneweb,OneWeb星座,适合讲解星座壳层、空间交通和批量部署。
226,通信星座,ONEWEB-0090,45427,2020-020D,LEO,"约1,218 km",87.89,13.114183,oneweb,OneWeb星座,适合讲解星座壳层、空间交通和批量部署。
227,通信星座,ONEWEB-0092,45437,2020-020P,LEO,"约1,218 km",87.89,13.114122,oneweb,OneWeb星座,适合讲解星座壳层、空间交通和批量部署。
228,通信星座,ONEWEB-0093,45444,2020-020W,LEO,"约1,218 km",87.89,13.114047,oneweb,OneWeb星座,适合讲解星座壳层、空间交通和批量部署。
229,通信星座,ONEWEB-0094,45450,2020-020AC,LEO,"约1,194 km",87.91,13.176471,oneweb,OneWeb星座,适合讲解星座壳层、空间交通和批量部署。
230,通信星座,ONEWEB-0095,45436,2020-020N,LEO,"约1,218 km",87.89,13.114162,oneweb,OneWeb星座,适合讲解星座壳层、空间交通和批量部署。
231,通信星座,ONEWEB-0096,45439,2020-020R,LEO,"约1,218 km",87.89,13.11417,oneweb,OneWeb星座,适合讲解星座壳层、空间交通和批量部署。
232,通信星座,ONEWEB-0098,45442,2020-020U,LEO,"约1,218 km",87.89,13.11418,oneweb,OneWeb星座,适合讲解星座壳层、空间交通和批量部署。
233,通信星座,ONEWEB-0101,48049,2021-025H,LEO,"约1,210 km",87.9,13.134712,oneweb,OneWeb星座,适合讲解星座壳层、空间交通和批量部署。
234,通信星座,ONEWEB-0102,47258,2020-100A,LEO,"约1,214 km",87.89,13.124432,oneweb,OneWeb星座,适合讲解星座壳层、空间交通和批量部署。
235,通信星座,ONEWEB-0107,48048,2021-025G,LEO,"约1,210 km",87.9,13.134702,oneweb,OneWeb星座,适合讲解星座壳层、空间交通和批量部署。
236,通信星座,ONEWEB-0108,48076,2021-025AL,LEO,"约1,210 km",87.9,13.134708,oneweb,OneWeb星座,适合讲解星座壳层、空间交通和批量部署。
237,通信星座,ONEWEB-0109,47259,2020-100B,LEO,"约1,214 km",87.9,13.124427,oneweb,OneWeb星座,适合讲解星座壳层、空间交通和批量部署。
238,通信星座,ONEWEB-0110,47260,2020-100C,LEO,"约1,214 km",87.9,13.124409,oneweb,OneWeb星座,适合讲解星座壳层、空间交通和批量部署。
239,通信星座,ONEWEB-0111,47261,2020-100D,LEO,"约1,214 km",87.9,13.124424,oneweb,OneWeb星座,适合讲解星座壳层、空间交通和批量部署。
240,通信星座,ONEWEB-0112,48051,2021-025K,LEO,"约1,210 km",87.9,13.134704,oneweb,OneWeb星座,适合讲解星座壳层、空间交通和批量部署。
241,通信星座,ONEWEB-0113,48050,2021-025J,LEO,"约1,208 km",87.9,13.138924,oneweb,OneWeb星座,适合讲解星座壳层、空间交通和批量部署。
242,通信星座,ONEWEB-0114,47262,2020-100E,LEO,"约1,214 km",87.9,13.124458,oneweb,OneWeb星座,适合讲解星座壳层、空间交通和批量部署。
243,通信星座,ONEWEB-0115,48042,2021-025A,LEO,"约1,210 km",87.9,13.134697,oneweb,OneWeb星座,适合讲解星座壳层、空间交通和批量部署。
244,通信星座,ONEWEB-0116,48046,2021-025E,LEO,"约1,210 km",87.9,13.134691,oneweb,OneWeb星座,适合讲解星座壳层、空间交通和批量部署。
245,通信星座,ONEWEB-0117,47263,2020-100F,LEO,"约1,214 km",87.89,13.124442,oneweb,OneWeb星座,适合讲解星座壳层、空间交通和批量部署。
246,通信星座,ONEWEB-0118,47264,2020-100G,LEO,"约1,214 km",87.9,13.124426,oneweb,OneWeb星座,适合讲解星座壳层、空间交通和批量部署。
247,通信星座,ONEWEB-0119,47265,2020-100H,LEO,"约1,214 km",87.89,13.124448,oneweb,OneWeb星座,适合讲解星座壳层、空间交通和批量部署。
248,通信星座,ONEWEB-0120,47266,2020-100J,LEO,"约1,214 km",87.89,13.124447,oneweb,OneWeb星座,适合讲解星座壳层、空间交通和批量部署。
249,通信星座,ONEWEB-0121,47267,2020-100K,LEO,"约1,214 km",87.9,13.124447,oneweb,OneWeb星座,适合讲解星座壳层、空间交通和批量部署。
250,通信星座,ONEWEB-0122,47268,2020-100L,LEO,"约1,214 km",87.9,13.124443,oneweb,OneWeb星座,适合讲解星座壳层、空间交通和批量部署。
251,通信星座,ONEWEB-0123,47269,2020-100M,LEO,"约1,214 km",87.89,13.124436,oneweb,OneWeb星座,适合讲解星座壳层、空间交通和批量部署。
252,通信星座,ONEWEB-0124,47270,2020-100N,LEO,"约1,214 km",87.89,13.124418,oneweb,OneWeb星座,适合讲解星座壳层、空间交通和批量部署。
253,通信星座,ONEWEB-0125,47271,2020-100P,LEO,"约1,214 km",87.9,13.124406,oneweb,OneWeb星座,适合讲解星座壳层、空间交通和批量部署。
254,通信星座,ONEWEB-0126,47272,2020-100Q,LEO,"约1,214 km",87.89,13.124432,oneweb,OneWeb星座,适合讲解星座壳层、空间交通和批量部署。
255,通信星座,ONEWEB-0127,47273,2020-100R,LEO,"约1,214 km",87.89,13.124416,oneweb,OneWeb星座,适合讲解星座壳层、空间交通和批量部署。
256,导航定位,COSMOS 2432 (719),32276,2007-052B,MEO,"约19,130 km",65.59,2.131031,glo-ops,GLONASS导航卫星,适合讲解MEO星座、定位授时和多系统对比。
257,导航定位,COSMOS 2433 (720),32275,2007-052A,MEO,"约19,130 km",65.57,2.131041,glo-ops,GLONASS导航卫星,适合讲解MEO星座、定位授时和多系统对比。
258,导航定位,COSMOS 2434 (721),32393,2007-065A,MEO,"约19,130 km",64.32,2.131013,glo-ops,GLONASS导航卫星,适合讲解MEO星座、定位授时和多系统对比。
259,导航定位,COSMOS 2436 (723),32395,2007-065C,MEO,"约19,130 km",64.33,2.131001,glo-ops,GLONASS导航卫星,适合讲解MEO星座、定位授时和多系统对比。
260,导航定位,COSMOS 2456 (730),36111,2009-070A,MEO,"约19,130 km",65.02,2.131036,glo-ops,GLONASS导航卫星,适合讲解MEO星座、定位授时和多系统对比。
261,导航定位,COSMOS 2457 (733),36112,2009-070B,MEO,"约19,130 km",65.0,2.13101,glo-ops,GLONASS导航卫星,适合讲解MEO星座、定位授时和多系统对比。
262,导航定位,COSMOS 2460 (732),36402,2010-007C,MEO,"约19,130 km",65.42,2.131015,glo-ops,GLONASS导航卫星,适合讲解MEO星座、定位授时和多系统对比。
263,导航定位,COSMOS 2475 (743),37869,2011-064C,MEO,"约19,130 km",65.29,2.131017,glo-ops,GLONASS导航卫星,适合讲解MEO星座、定位授时和多系统对比。
264,导航定位,COSMOS 2476 (744),37867,2011-064A,MEO,"约19,130 km",65.27,2.131037,glo-ops,GLONASS导航卫星,适合讲解MEO星座、定位授时和多系统对比。
265,导航定位,COSMOS 2477 (745),37868,2011-064B,MEO,"约19,130 km",65.28,2.131028,glo-ops,GLONASS导航卫星,适合讲解MEO星座、定位授时和多系统对比。
266,导航定位,COSMOS 2485 (747),39155,2013-019A,MEO,"约19,130 km",65.42,2.131032,glo-ops,GLONASS导航卫星,适合讲解MEO星座、定位授时和多系统对比。
267,综合目标,ACS3,59588,2024-077B,SSO/近极轨,约913 km,97.17,13.945397,visual,肉眼可见经典目标,适合补充轨道类型和任务类型覆盖。
268,综合目标,AJISAI (EGS),16908,1986-061A,LEO,"约1,488 km",50.01,12.445168,visual,肉眼可见经典目标,适合补充轨道类型和任务类型覆盖。
269,综合目标,ALOS (DAICHI),28931,2006-002A,SSO/近极轨,约661 km,98.13,14.700606,visual,肉眼可见经典目标,适合补充轨道类型和任务类型覆盖。
270,综合目标,ALOS-2,39766,2014-029A,SSO/近极轨,约631 km,97.92,14.794749,visual,肉眼可见经典目标,适合补充轨道类型和任务类型覆盖。
271,综合目标,ASTEX 1,5560,1971-089A,LEO,约723 km,92.7,14.50857,visual,肉眼可见经典目标,适合补充轨道类型和任务类型覆盖。
272,综合目标,ASTRO-H (HITOMI),41337,2016-012A,LEO,约535 km,31.0,15.105419,visual,肉眼可见经典目标,适合补充轨道类型和任务类型覆盖。
273,综合目标,ATLAS CENTAUR 2,694,1963-047A,LEO,约851 km,30.36,14.125311,visual,肉眼可见经典目标,适合补充轨道类型和任务类型覆盖。
274,综合目标,COSMO-SKYMED 1,31598,2007-023A,SSO/近极轨,约576 km,97.89,14.971335,visual,肉眼可见经典目标,适合补充轨道类型和任务类型覆盖。
275,综合目标,COSMOS 1536,14699,1984-013A,LEO,约491 km,82.54,15.25126,visual,肉眼可见经典目标,适合补充轨道类型和任务类型覆盖。
276,综合目标,COSMOS 1743,16719,1986-034A,LEO,约366 km,82.53,15.674951,visual,肉眼可见经典目标,适合补充轨道类型和任务类型覆盖。
277,综合目标,COSMOS 1833,17589,1987-027A,LEO,约849 km,70.92,14.130554,visual,肉眼可见经典目标,适合补充轨道类型和任务类型覆盖。
278,综合目标,COSMOS 1844,17973,1987-041A,LEO,约844 km,70.9,14.145675,visual,肉眼可见经典目标,适合补充轨道类型和任务类型覆盖。
279,综合目标,COSMOS 1867,18187,1987-060A,LEO,约787 km,65.01,14.315165,visual,肉眼可见经典目标,适合补充轨道类型和任务类型覆盖。
280,综合目标,COSMOS 1933,18958,1988-020A,LEO,约510 km,82.51,15.187499,visual,肉眼可见经典目标,适合补充轨道类型和任务类型覆盖。
281,综合目标,COSMOS 1953,19210,1988-050A,LEO,约476 km,82.51,15.300579,visual,肉眼可见经典目标,适合补充轨道类型和任务类型覆盖。
282,综合目标,COSMOS 1975,19573,1988-093A,LEO,约478 km,82.52,15.294016,visual,肉眼可见经典目标,适合补充轨道类型和任务类型覆盖。
283,综合目标,COSMOS 2058,20465,1990-010A,LEO,约530 km,82.47,15.120561,visual,肉眼可见经典目标,适合补充轨道类型和任务类型覆盖。
284,综合目标,COSMOS 2084,20663,1990-055A,LEO,约548 km,62.79,15.061414,visual,肉眼可见经典目标,适合补充轨道类型和任务类型覆盖。
285,综合目标,COSMOS 2151,21422,1991-042A,LEO,约566 km,82.5,15.004551,visual,肉眼可见经典目标,适合补充轨道类型和任务类型覆盖。
286,综合目标,COSMOS 2219,22219,1992-076A,LEO,约845 km,71.06,14.141041,visual,肉眼可见经典目标,适合补充轨道类型和任务类型覆盖。
287,综合目标,COSMOS 2221,22236,1992-080A,LEO,约578 km,82.5,14.965481,visual,肉眼可见经典目标,适合补充轨道类型和任务类型覆盖。
288,综合目标,COSMOS 2228,22286,1992-094A,LEO,约574 km,82.52,14.976084,visual,肉眼可见经典目标,适合补充轨道类型和任务类型覆盖。
289,综合目标,COSMOS 2242,22626,1993-024A,LEO,约577 km,82.52,14.969212,visual,肉眼可见经典目标,适合补充轨道类型和任务类型覆盖。
290,综合目标,COSMOS 2278,23087,1994-023A,LEO,约844 km,71.06,14.143987,visual,肉眼可见经典目标,适合补充轨道类型和任务类型覆盖。
291,综合目标,COSMOS 2428,31792,2007-029A,LEO,约850 km,70.94,14.129277,visual,肉眼可见经典目标,适合补充轨道类型和任务类型覆盖。
292,综合目标,COSMOS 2550,48865,2021-056A,LEO,约465 km,67.14,15.338392,visual,肉眼可见经典目标,适合补充轨道类型和任务类型覆盖。
293,气象环境,ARKTIKA-M 1,47719,2021-016A,MEO,"约20,177 km",63.29,2.006225,weather,气象卫星,适合讲解极轨/静止气象观测和地球环境监测。
294,气象环境,ARKTIKA-M 2,58584,2023-198A,MEO,"约20,178 km",63.24,2.006114,weather,气象卫星,适合讲解极轨/静止气象观测和地球环境监测。
295,科学/测地,ASTROSAT,40930,2015-052A,LEO,约622 km,6.0,14.82519,science,科学卫星,适合讲解空间科学、测地基准和特殊任务轨道。
296,科学/测地,BRITE-AUSTRIA,39091,2013-009F,SSO/近极轨,约770 km,98.4,14.36545,science,科学卫星,适合讲解空间科学、测地基准和特殊任务轨道。
297,科学/测地,BRITE-CA1 (TORONTO),40020,2014-033L,SSO/近极轨,约653 km,97.97,14.726859,science,科学卫星,适合讲解空间科学、测地基准和特殊任务轨道。
298,科学/测地,BRITE-PL2 (HEWELIUSZ),40119,2014-049B,SSO/近极轨,约584 km,97.91,14.946178,science,科学卫星,适合讲解空间科学、测地基准和特殊任务轨道。
299,科学/测地,CASSIOPE,39265,2013-055A,LEO,约488 km,80.91,15.259093,science,科学卫星,适合讲解空间科学、测地基准和特殊任务轨道。
300,科学/测地,CLUSTER II-FM7 (SAMBA),26410,2000-041A,GEO/高轨,"约65,693 km",149.9,0.448704,science,科学卫星,适合讲解空间科学、测地基准和特殊任务轨道。
301,科学/测地,CLUSTER II-FM8 (TANGO),26464,2000-045B,GEO/高轨,"约66,179 km",150.14,0.444203,science,科学卫星,适合讲解空间科学、测地基准和特殊任务轨道。
302,气象环境,COMS 1,36744,2010-032A,GEO/高轨,"约36,100 km",4.82,0.991651,weather,气象卫星,适合讲解极轨/静止气象观测和地球环境监测。
303,科学/测地,CORIOLIS,27640,2003-001A,SSO/近极轨,约826 km,98.71,14.199465,science,科学卫星,适合讲解空间科学、测地基准和特殊任务轨道。
304,科学/测地,CRYOSAT 2,36508,2010-013A,LEO,约720 km,92.04,14.519017,science,科学卫星,适合讲解空间科学、测地基准和特殊任务轨道。
305,科学/测地,CXO,25867,1999-040B,GEO/高轨,"约74,420 km",56.28,0.378009,science,科学卫星,适合讲解空间科学、测地基准和特殊任务轨道。
306,气象环境,CYGFM01,41887,2016-078D,LEO,约395 km,34.94,15.575903,weather,气象卫星,适合讲解极轨/静止气象观测和地球环境监测。
307,气象环境,CYGFM02,41886,2016-078C,LEO,约374 km,34.94,15.649024,weather,气象卫星,适合讲解极轨/静止气象观测和地球环境监测。
308,气象环境,CYGFM03,41891,2016-078H,LEO,约387 km,34.94,15.604199,weather,气象卫星,适合讲解极轨/静止气象观测和地球环境监测。
309,气象环境,CYGFM04,41885,2016-078B,LEO,约382 km,34.93,15.618529,weather,气象卫星,适合讲解极轨/静止气象观测和地球环境监测。
310,气象环境,CYGFM05,41884,2016-078A,LEO,约397 km,34.96,15.56903,weather,气象卫星,适合讲解极轨/静止气象观测和地球环境监测。
311,气象环境,CYGFM07,41890,2016-078G,LEO,约387 km,34.94,15.604325,weather,气象卫星,适合讲解极轨/静止气象观测和地球环境监测。
312,气象环境,CYGFM08,41888,2016-078E,LEO,约387 km,34.94,15.602913,weather,气象卫星,适合讲解极轨/静止气象观测和地球环境监测。
313,科学/测地,DAMPE,41173,2015-078A,SSO/近极轨,约474 km,97.46,15.308022,science,科学卫星,适合讲解空间科学、测地基准和特殊任务轨道。
314,气象环境,DMSP 5D-3 F16 (USA 172),28054,2003-048A,SSO/近极轨,约844 km,98.99,14.144834,weather,气象卫星,适合讲解极轨/静止气象观测和地球环境监测。
315,气象环境,DMSP 5D-3 F17 (USA 191),29522,2006-050A,SSO/近极轨,约842 km,98.74,14.149936,weather,气象卫星,适合讲解极轨/静止气象观测和地球环境监测。
316,气象环境,DMSP 5D-3 F18 (USA 210),35951,2009-057A,SSO/近极轨,约843 km,98.9,14.149012,weather,气象卫星,适合讲解极轨/静止气象观测和地球环境监测。
317,气象环境,ELEKTRO-L 2,41105,2015-074A,GEO/高轨,"约35,787 km",6.71,1.002711,weather,气象卫星,适合讲解极轨/静止气象观测和地球环境监测。
318,气象环境,FENGYUN 4B,48808,2021-047A,GEO/高轨,"约35,786 km",0.17,1.002737,geo,GEO地球同步卫星,适合讲解极轨/静止气象观测和地球环境监测。
319,科学/测地,FGRST (GLAST),33053,2008-029A,LEO,约494 km,25.58,15.239765,science,科学卫星,适合讲解空间科学、测地基准和特殊任务轨道。
320,科学/测地,FLYING LAPTOP,42831,2017-042G,SSO/近极轨,约563 km,97.47,15.011904,science,科学卫星,适合讲解空间科学、测地基准和特殊任务轨道。
321,科学/测地,GCOM-W1 (SHIZUKU),38337,2012-025A,SSO/近极轨,约703 km,98.2,14.571294,science,科学卫星,适合讲解空间科学、测地基准和特殊任务轨道。
322,气象环境,GEO-KOMPSAT-2A,43823,2018-100A,GEO/高轨,"约35,787 km",0.04,1.002709,weather,气象卫星,适合讲解极轨/静止气象观测和地球环境监测。
323,气象环境,HIMAWARI-8,40267,2014-060A,GEO/高轨,"约35,787 km",0.02,1.002711,weather,气象卫星,适合讲解极轨/静止气象观测和地球环境监测。
324,气象环境,HIMAWARI-9,41836,2016-064A,GEO/高轨,"约35,787 km",0.02,1.002694,weather,气象卫星,适合讲解极轨/静止气象观测和地球环境监测。
325,科学/测地,HINODE (SOLAR-B),29479,2006-041A,SSO/近极轨,约666 km,98.05,14.686306,science,科学卫星,适合讲解空间科学、测地基准和特殊任务轨道。
326,科学/测地,HISAKI (SPRINT-A),39253,2013-049A,LEO,"约1,052 km",29.72,13.555453,science,科学卫星,适合讲解空间科学、测地基准和特殊任务轨道。
327,气象环境,INSAT-3D,39216,2013-038B,GEO/高轨,"约35,786 km",1.95,1.002726,weather,气象卫星,适合讲解极轨/静止气象观测和地球环境监测。
328,气象环境,INSAT-3DR,41752,2016-054A,GEO/高轨,"约35,787 km",0.13,1.002723,weather,气象卫星,适合讲解极轨/静止气象观测和地球环境监测。
329,气象环境,INSAT-3DS,58990,2024-033A,GEO/高轨,"约35,787 km",0.06,1.00271,weather,气象卫星,适合讲解极轨/静止气象观测和地球环境监测。
330,科学/测地,IRIS,39197,2013-033A,SSO/近极轨,约611 km,97.93,14.858994,science,科学卫星,适合讲解空间科学、测地基准和特殊任务轨道。
331,科学/测地,IXPE,49954,2021-121A,LEO,约535 km,0.23,15.103032,science,科学卫星,适合讲解空间科学、测地基准和特殊任务轨道。
332,气象环境,METEOSAT-10 (MSG-3),38552,2012-035B,GEO/高轨,"约35,788 km",4.69,1.002682,weather,气象卫星,适合讲解极轨/静止气象观测和地球环境监测。
333,气象环境,METEOSAT-11 (MSG-4),40732,2015-034A,GEO/高轨,"约35,788 km",3.22,1.002656,weather,气象卫星,适合讲解极轨/静止气象观测和地球环境监测。
334,气象环境,METEOSAT-12 (MTG-I1),54743,2022-170C,GEO/高轨,"约35,786 km",0.75,1.002748,weather,气象卫星,适合讲解极轨/静止气象观测和地球环境监测。
335,气象环境,METEOSAT-9 (MSG-2),28912,2005-049B,GEO/高轨,"约35,786 km",9.38,1.002761,weather,气象卫星,适合讲解极轨/静止气象观测和地球环境监测。
336,气象环境,METOP-B,38771,2012-049A,SSO/近极轨,约821 km,98.65,14.214413,weather,气象卫星,适合讲解极轨/静止气象观测和地球环境监测。
337,气象环境,METOP-C,43689,2018-087A,SSO/近极轨,约820 km,98.66,14.215141,weather,气象卫星,适合讲解极轨/静止气象观测和地球环境监测。
338,气象环境,METOP-SGA1,65159,2025-172A,SSO/近极轨,约826 km,98.66,14.19816,weather,气象卫星,适合讲解极轨/静止气象观测和地球环境监测。
339,科学/测地,MMS 1,40482,2015-011A,GEO/高轨,"约91,486 km",72.26,0.283574,science,科学卫星,适合讲解空间科学、测地基准和特殊任务轨道。
340,科学/测地,MMS 2,40483,2015-011B,GEO/高轨,"约91,487 km",72.27,0.283572,science,科学卫星,适合讲解空间科学、测地基准和特殊任务轨道。
341,科学/测地,MMS 3,40484,2015-011C,GEO/高轨,"约91,487 km",72.27,0.283572,science,科学卫星,适合讲解空间科学、测地基准和特殊任务轨道。
342,科学/测地,MMS 4,40485,2015-011D,GEO/高轨,"约91,486 km",72.26,0.283574,science,科学卫星,适合讲解空间科学、测地基准和特殊任务轨道。
343,科学/测地,MOST,27843,2003-031D,SSO/近极轨,约821 km,98.7,14.213236,science,科学卫星,适合讲解空间科学、测地基准和特殊任务轨道。
344,气象环境,MTG-S1,64723,2025-143A,GEO/高轨,"约35,751 km",0.6,1.004008,weather,气象卫星,适合讲解极轨/静止气象观测和地球环境监测。
345,科学/测地,NEOSSAT,39089,2013-009D,SSO/近极轨,约772 km,98.42,14.35829,science,科学卫星,适合讲解空间科学、测地基准和特殊任务轨道。
346,科学/测地,NUSTAR,38358,2012-031A,LEO,约540 km,6.03,15.088747,science,科学卫星,适合讲解空间科学、测地基准和特殊任务轨道。
347,科学/测地,OCO 2,40059,2014-035A,SSO/近极轨,约703 km,98.2,14.571171,science,科学卫星,适合讲解空间科学、测地基准和特殊任务轨道。
348,科学/测地,ODIN,26702,2001-007A,SSO/近极轨,约336 km,97.38,15.781101,science,科学卫星,适合讲解空间科学、测地基准和特殊任务轨道。
349,科学/测地,PISAT,41784,2016-059B,SSO/近极轨,约664 km,97.82,14.689953,science,科学卫星,适合讲解空间科学、测地基准和特殊任务轨道。
350,科学/测地,POLAR,23802,1996-013A,MEO,"约29,113 km",79.86,1.298461,science,科学卫星,适合讲解空间科学、测地基准和特殊任务轨道。
351,科学/测地,SALSAT,46495,2020-068K,SSO/近极轨,约476 km,97.89,15.29899,science,科学卫星,适合讲解空间科学、测地基准和特殊任务轨道。
352,科学/测地,SCISAT 1,27858,2003-036A,LEO,约625 km,73.93,14.814541,science,科学卫星,适合讲解空间科学、测地基准和特殊任务轨道。
353,科学/测地,SDO,36395,2010-005A,GEO/高轨,"约35,787 km",34.66,1.002706,science,科学卫星,适合讲解空间科学、测地基准和特殊任务轨道。
354,科学/测地,SHIJIAN-6 02A (SJ-6 02A),29505,2006-046A,SSO/近极轨,约515 km,97.64,15.170086,science,科学卫星,适合讲解空间科学、测地基准和特殊任务轨道。
355,科学/测地,SHIJIAN-6 02B (SJ-6 02B),29506,2006-046B,SSO/近极轨,约563 km,97.72,15.013911,science,科学卫星,适合讲解空间科学、测地基准和特殊任务轨道。
356,遥感观测,SKYTERRA 1,37218,2010-061A,GEO/高轨,"约35,786 km",5.14,1.002729,geo,GEO地球同步卫星,适合讲解对地成像、资源调查和太阳同步轨道。
357,科学/测地,SMILE,69123,2026-109A,HEO/其他,"约4,607 km",69.98,7.54049,science,科学卫星,适合讲解空间科学、测地基准和特殊任务轨道。
358,科学/测地,SORCE,27651,2003-004A,LEO,约556 km,39.99,15.037394,science,科学卫星,适合讲解空间科学、测地基准和特殊任务轨道。
359,科学/测地,STSAT-3,39422,2013-066G,SSO/近极轨,约558 km,97.62,15.027957,science,科学卫星,适合讲解空间科学、测地基准和特殊任务轨道。
360,气象环境,SUOMI NPP,37849,2011-061A,SSO/近极轨,约827 km,98.8,14.195187,weather,气象卫星,适合讲解极轨/静止气象观测和地球环境监测。
361,科学/测地,SWARM A,39452,2013-067B,LEO,约414 km,87.33,15.510933,science,科学卫星,适合讲解空间科学、测地基准和特殊任务轨道。
362,科学/测地,SWARM B,39451,2013-067A,LEO,约480 km,87.74,15.285961,science,科学卫星,适合讲解空间科学、测地基准和特殊任务轨道。
363,科学/测地,SWARM C,39453,2013-067C,LEO,约414 km,87.33,15.510923,science,科学卫星,适合讲解空间科学、测地基准和特殊任务轨道。
364,科学/测地,SWAS,25560,1998-071A,LEO,约537 km,69.89,15.096552,science,科学卫星,适合讲解空间科学、测地基准和特殊任务轨道。
365,气象环境,TIANMU-1 03,55973,2023-039A,SSO/近极轨,约424 km,97.52,15.474619,weather,气象卫星,适合讲解极轨/静止气象观测和地球环境监测。
366,气象环境,TIANMU-1 04,55974,2023-039B,SSO/近极轨,约423 km,97.52,15.480656,weather,气象卫星,适合讲解极轨/静止气象观测和地球环境监测。
367,气象环境,TIANMU-1 05,55975,2023-039C,SSO/近极轨,约425 km,97.52,15.47385,weather,气象卫星,适合讲解极轨/静止气象观测和地球环境监测。
368,气象环境,TIANMU-1 06,55976,2023-039D,SSO/近极轨,约423 km,97.52,15.479682,weather,气象卫星,适合讲解极轨/静止气象观测和地球环境监测。
369,气象环境,TIANMU-1 07,57399,2023-101A,SSO/近极轨,约476 km,97.26,15.298779,weather,气象卫星,适合讲解极轨/静止气象观测和地球环境监测。
370,气象环境,TIANMU-1 08,57400,2023-101B,SSO/近极轨,约476 km,97.26,15.298821,weather,气象卫星,适合讲解极轨/静止气象观测和地球环境监测。
371,气象环境,TIANMU-1 09,57401,2023-101C,SSO/近极轨,约476 km,97.25,15.299152,weather,气象卫星,适合讲解极轨/静止气象观测和地球环境监测。
372,气象环境,TIANMU-1 10,57402,2023-101D,SSO/近极轨,约476 km,97.26,15.298877,weather,气象卫星,适合讲解极轨/静止气象观测和地球环境监测。
373,气象环境,TIANMU-1 11,58645,2023-205A,SSO/近极轨,约485 km,97.34,15.270582,weather,气象卫星,适合讲解极轨/静止气象观测和地球环境监测。
374,气象环境,TIANMU-1 12,58646,2023-205B,SSO/近极轨,约485 km,97.34,15.270247,weather,气象卫星,适合讲解极轨/静止气象观测和地球环境监测。
375,气象环境,TIANMU-1 13,58647,2023-205C,SSO/近极轨,约485 km,97.35,15.268775,weather,气象卫星,适合讲解极轨/静止气象观测和地球环境监测。
376,气象环境,TIANMU-1 14,58648,2023-205D,SSO/近极轨,约485 km,97.34,15.269221,weather,气象卫星,适合讲解极轨/静止气象观测和地球环境监测。
377,气象环境,TIANMU-1 15,58700,2024-004A,SSO/近极轨,约485 km,97.47,15.27077,weather,气象卫星,适合讲解极轨/静止气象观测和地球环境监测。
378,气象环境,TIANMU-1 16,58701,2024-004B,SSO/近极轨,约485 km,97.46,15.268101,weather,气象卫星,适合讲解极轨/静止气象观测和地球环境监测。
379,气象环境,TIANMU-1 17,58702,2024-004C,SSO/近极轨,约485 km,97.46,15.26809,weather,气象卫星,适合讲解极轨/静止气象观测和地球环境监测。
380,气象环境,TIANMU-1 18,58703,2024-004D,SSO/近极轨,约485 km,97.47,15.270658,weather,气象卫星,适合讲解极轨/静止气象观测和地球环境监测。
381,气象环境,TIANMU-1 19,58660,2023-208A,SSO/近极轨,约471 km,97.45,15.316651,weather,气象卫星,适合讲解极轨/静止气象观测和地球环境监测。
382,气象环境,TIANMU-1 20,58661,2023-208B,SSO/近极轨,约467 km,97.44,15.328558,weather,气象卫星,适合讲解极轨/静止气象观测和地球环境监测。
383,气象环境,TIANMU-1 21,58662,2023-208C,SSO/近极轨,约461 km,97.45,15.351848,weather,气象卫星,适合讲解极轨/静止气象观测和地球环境监测。
384,气象环境,TIANMU-1 22,58663,2023-208D,SSO/近极轨,约473 km,97.45,15.311423,weather,气象卫星,适合讲解极轨/静止气象观测和地球环境监测。
385,科学/测地,TIMED,26998,2001-055B,LEO,约582 km,74.07,14.953056,science,科学卫星,适合讲解空间科学、测地基准和特殊任务轨道。
386,科学/测地,X-SAT,37389,2011-015C,SSO/近极轨,约808 km,98.35,14.252077,science,科学卫星,适合讲解空间科学、测地基准和特殊任务轨道。
387,科学/测地,XMM-NEWTON,25989,1999-066A,GEO/高轨,"约60,561 km",64.44,0.501279,science,科学卫星,适合讲解空间科学、测地基准和特殊任务轨道。
388,遥感观测,ALOS-4 (DAICHI-4),60182,2024-123A,SSO/近极轨,约631 km,97.92,14.79468,resource,资源/遥感卫星,适合讲解对地成像、资源调查和太阳同步轨道。
389,遥感观测,ALSAT-1B,41785,2016-059C,SSO/近极轨,约654 km,97.78,14.722799,resource,资源/遥感卫星,适合讲解对地成像、资源调查和太阳同步轨道。
390,遥感观测,ARIRANG-2 (KOMPSAT-2),29268,2006-031A,SSO/近极轨,约678 km,97.83,14.646628,resource,资源/遥感卫星,适合讲解对地成像、资源调查和太阳同步轨道。
391,遥感观测,ARIRANG-3 (KOMPSAT-3),38338,2012-025B,SSO/近极轨,约686 km,98.12,14.622125,resource,资源/遥感卫星,适合讲解对地成像、资源调查和太阳同步轨道。
392,遥感观测,ARIRANG-5 (KOMPSAT-5),39227,2013-042A,SSO/近极轨,约553 km,97.62,15.045048,resource,资源/遥感卫星,适合讲解对地成像、资源调查和太阳同步轨道。
393,遥感观测,ASNARO,40298,2014-070A,SSO/近极轨,约507 km,97.35,15.195375,resource,资源/遥感卫星,适合讲解对地成像、资源调查和太阳同步轨道。
394,遥感观测,AURA,28376,2004-026A,SSO/近极轨,约689 km,98.34,14.613382,resource,资源/遥感卫星,适合讲解对地成像、资源调查和太阳同步轨道。
395,遥感观测,BIOMASS,63772,2025-090A,SSO/近极轨,约669 km,98.07,14.675376,resource,资源/遥感卫星,适合讲解对地成像、资源调查和太阳同步轨道。
396,遥感观测,CARBONITE 1 (CBNT-1),40718,2015-032D,SSO/近极轨,约618 km,97.65,14.836078,resource,资源/遥感卫星,适合讲解对地成像、资源调查和太阳同步轨道。
397,遥感观测,CARTOSAT-2A,32783,2008-021A,SSO/近极轨,约632 km,97.76,14.792492,resource,资源/遥感卫星,适合讲解对地成像、资源调查和太阳同步轨道。
398,遥感观测,CARTOSAT-2B,36795,2010-035A,SSO/近极轨,约634 km,98.0,14.78671,resource,资源/遥感卫星,适合讲解对地成像、资源调查和太阳同步轨道。
399,遥感观测,CARTOSAT-2C,41599,2016-040A,SSO/近极轨,约508 km,97.45,15.192392,resource,资源/遥感卫星,适合讲解对地成像、资源调查和太阳同步轨道。
400,遥感观测,CARTOSAT-2D,41948,2017-008A,SSO/近极轨,约508 km,97.41,15.192596,resource,资源/遥感卫星,适合讲解对地成像、资源调查和太阳同步轨道。
401,遥感观测,CARTOSAT-2E,42767,2017-036C,SSO/近极轨,约508 km,97.43,15.192214,resource,资源/遥感卫星,适合讲解对地成像、资源调查和太阳同步轨道。
402,遥感观测,CARTOSAT-2F,43111,2018-004A,SSO/近极轨,约508 km,97.48,15.192708,resource,资源/遥感卫星,适合讲解对地成像、资源调查和太阳同步轨道。
403,遥感观测,CARTOSAT-3,44804,2019-081A,SSO/近极轨,约508 km,97.43,15.193271,resource,资源/遥感卫星,适合讲解对地成像、资源调查和太阳同步轨道。
404,遥感观测,CAS500-1,47932,2021-022A,SSO/近极轨,约506 km,97.39,15.201431,resource,资源/遥感卫星,适合讲解对地成像、资源调查和太阳同步轨道。
405,遥感观测,CAS500-2,69013,2026-100AK,SSO/近极轨,约504 km,97.4,15.206764,resource,资源/遥感卫星,适合讲解对地成像、资源调查和太阳同步轨道。
406,遥感观测,CAS500-3,66655,2025-274F,SSO/近极轨,约603 km,97.74,14.88335,resource,资源/遥感卫星,适合讲解对地成像、资源调查和太阳同步轨道。
407,遥感观测,CBERS 4,40336,2014-079A,SSO/近极轨,约774 km,98.35,14.355106,resource,资源/遥感卫星,适合讲解对地成像、资源调查和太阳同步轨道。
408,遥感观测,CO3D 1,64903,2025-156E,SSO/近极轨,约505 km,97.43,15.202184,resource,资源/遥感卫星,适合讲解对地成像、资源调查和太阳同步轨道。
409,遥感观测,CO3D 2,64902,2025-156D,SSO/近极轨,约505 km,97.43,15.20201,resource,资源/遥感卫星,适合讲解对地成像、资源调查和太阳同步轨道。
410,遥感观测,CO3D 3,64900,2025-156B,SSO/近极轨,约505 km,97.43,15.201993,resource,资源/遥感卫星,适合讲解对地成像、资源调查和太阳同步轨道。
411,遥感观测,CO3D 4,64901,2025-156C,SSO/近极轨,约505 km,97.43,15.202011,resource,资源/遥感卫星,适合讲解对地成像、资源调查和太阳同步轨道。
412,遥感观测,COSMO-SKYMED 2,32376,2007-059A,SSO/近极轨,约623 km,97.89,14.821504,resource,资源/遥感卫星,适合讲解对地成像、资源调查和太阳同步轨道。
413,遥感观测,COSMO-SKYMED 3,33412,2008-054A,SSO/近极轨,约546 km,97.83,15.069907,resource,资源/遥感卫星,适合讲解对地成像、资源调查和太阳同步轨道。
414,遥感观测,COSMO-SKYMED 4,37216,2010-060A,SSO/近极轨,约623 km,97.89,14.821598,resource,资源/遥感卫星,适合讲解对地成像、资源调查和太阳同步轨道。
415,遥感观测,CSG-1,44873,2019-092A,SSO/近极轨,约623 km,97.89,14.821592,resource,资源/遥感卫星,适合讲解对地成像、资源调查和太阳同步轨道。
416,遥感观测,CSG-2,51444,2022-008A,SSO/近极轨,约623 km,97.89,14.821579,resource,资源/遥感卫星,适合讲解对地成像、资源调查和太阳同步轨道。
417,遥感观测,CSG-3,67304,2026-001A,SSO/近极轨,约623 km,97.89,14.821586,resource,资源/遥感卫星,适合讲解对地成像、资源调查和太阳同步轨道。
418,遥感观测,DEIMOS-1,35681,2009-041A,SSO/近极轨,约645 km,97.74,14.752428,resource,资源/遥感卫星,适合讲解对地成像、资源调查和太阳同步轨道。
419,遥感观测,DEIMOS-2,40013,2014-033D,SSO/近极轨,约586 km,97.58,14.937475,resource,资源/遥感卫星,适合讲解对地成像、资源调查和太阳同步轨道。
420,遥感观测,DLR-TUBSAT,25757,1999-029B,SSO/近极轨,约718 km,98.67,14.524283,resource,资源/遥感卫星,适合讲解对地成像、资源调查和太阳同步轨道。
421,遥感观测,DUBAISAT-1,35682,2009-041B,SSO/近极轨,约645 km,98.01,14.751343,resource,资源/遥感卫星,适合讲解对地成像、资源调查和太阳同步轨道。
422,遥感观测,DUBAISAT-2,39419,2013-066D,SSO/近极轨,约536 km,97.46,15.102349,resource,资源/遥感卫星,适合讲解对地成像、资源调查和太阳同步轨道。
423,遥感观测,EXACTVIEW-1 (ADS-1B),38709,2012-039C,SSO/近极轨,约809 km,98.98,14.249864,resource,资源/遥感卫星,适合讲解对地成像、资源调查和太阳同步轨道。
424,遥感观测,FORMOSAT-5,42920,2017-049A,SSO/近极轨,约723 km,98.23,14.509014,resource,资源/遥感卫星,适合讲解对地成像、资源调查和太阳同步轨道。
425,遥感观测,GAOFEN-1,39150,2013-018A,SSO/近极轨,约640 km,97.91,14.765438,resource,资源/遥感卫星,适合讲解对地成像、资源调查和太阳同步轨道。
426,遥感观测,GAOFEN-1 02,43259,2018-031A,SSO/近极轨,约641 km,98.05,14.764176,resource,资源/遥感卫星,适合讲解对地成像、资源调查和太阳同步轨道。
427,遥感观测,GAOFEN-1 03,43260,2018-031B,SSO/近极轨,约641 km,98.05,14.764332,resource,资源/遥感卫星,适合讲解对地成像、资源调查和太阳同步轨道。
428,遥感观测,GAOFEN-1 04,43262,2018-031D,SSO/近极轨,约641 km,98.05,14.764422,resource,资源/遥感卫星,适合讲解对地成像、资源调查和太阳同步轨道。
429,遥感观测,GAOFEN-10R,44622,2019-066A,SSO/近极轨,约620 km,98.05,14.830155,resource,资源/遥感卫星,适合讲解对地成像、资源调查和太阳同步轨道。
430,遥感观测,GAOFEN-11 01,43585,2018-063A,SSO/近极轨,约401 km,97.13,15.554698,resource,资源/遥感卫星,适合讲解对地成像、资源调查和太阳同步轨道。
431,遥感观测,GAOFEN-12 01,44819,2019-082A,SSO/近极轨,约628 km,97.81,14.804644,resource,资源/遥感卫星,适合讲解对地成像、资源调查和太阳同步轨道。
432,遥感观测,GAOFEN-12 02,48079,2021-026A,SSO/近极轨,约629 km,97.99,14.803016,resource,资源/遥感卫星,适合讲解对地成像、资源调查和太阳同步轨道。
433,遥感观测,GAOFEN-12 03,52912,2022-069A,SSO/近极轨,约629 km,97.83,14.800424,resource,资源/遥感卫星,适合讲解对地成像、资源调查和太阳同步轨道。
434,遥感观测,GAOFEN-2,40118,2014-049A,SSO/近极轨,约627 km,98.01,14.809071,resource,资源/遥感卫星,适合讲解对地成像、资源调查和太阳同步轨道。
435,遥感观测,GAOFEN-3,41727,2016-049A,SSO/近极轨,约751 km,98.4,14.42216,resource,资源/遥感卫星,适合讲解对地成像、资源调查和太阳同步轨道。
436,遥感观测,GAOFEN-4,41194,2015-083A,GEO/高轨,"约35,787 km",0.38,1.002718,resource,资源/遥感卫星,适合讲解对地成像、资源调查和太阳同步轨道。
437,遥感观测,GAOFEN-5 01,43461,2018-043A,SSO/近极轨,约691 km,98.46,14.606102,resource,资源/遥感卫星,适合讲解对地成像、资源调查和太阳同步轨道。
438,遥感观测,GAOFEN-6,43484,2018-048A,SSO/近极轨,约641 km,98.05,14.764282,resource,资源/遥感卫星,适合讲解对地成像、资源调查和太阳同步轨道。
439,遥感观测,GAOFEN-8,40701,2015-030A,SSO/近极轨,约428 km,97.69,15.462051,resource,资源/遥感卫星,适合讲解对地成像、资源调查和太阳同步轨道。
440,遥感观测,GAOFEN-9 01,40894,2015-047A,SSO/近极轨,约620 km,97.63,14.828976,resource,资源/遥感卫星,适合讲解对地成像、资源调查和太阳同步轨道。
441,遥感观测,GEOEYE 1,33331,2008-042A,SSO/近极轨,约678 km,98.12,14.647321,resource,资源/遥感卫星,适合讲解对地成像、资源调查和太阳同步轨道。
442,遥感观测,GOKTURK 1A,41875,2016-073A,SSO/近极轨,约684 km,98.12,14.627802,resource,资源/遥感卫星,适合讲解对地成像、资源调查和太阳同步轨道。
443,遥感观测,GOKTURK 2,39030,2012-073A,SSO/近极轨,约644 km,97.68,14.755488,resource,资源/遥感卫星,适合讲解对地成像、资源调查和太阳同步轨道。
444,遥感观测,GOSAT (IBUKI),33492,2009-002A,SSO/近极轨,约669 km,98.09,14.675379,resource,资源/遥感卫星,适合讲解对地成像、资源调查和太阳同步轨道。
445,遥感观测,GOSAT-GW (IBUKI GW),64694,2025-141A,SSO/近极轨,约669 km,98.06,14.675552,resource,资源/遥感卫星,适合讲解对地成像、资源调查和太阳同步轨道。
446,遥感观测,GPM-CORE,39574,2014-009C,LEO,约432 km,64.97,15.447284,resource,资源/遥感卫星,适合讲解对地成像、资源调查和太阳同步轨道。
447,遥感观测,HAIYANG-1B,31113,2007-010A,SSO/近极轨,约788 km,98.35,14.310284,resource,资源/遥感卫星,适合讲解对地成像、资源调查和太阳同步轨道。
448,遥感观测,HAIYANG-2A,37781,2011-043A,SSO/近极轨,约985 km,99.34,13.741697,resource,资源/遥感卫星,适合讲解对地成像、资源调查和太阳同步轨道。
449,科学/测地,LAGEOS 1,8820,1976-039A,HEO/其他,"约5,893 km",109.8,6.386647,geodetic,测地卫星,适合讲解空间科学、测地基准和特殊任务轨道。
450,科学/测地,LAGEOS 2,22195,1992-070B,HEO/其他,"约5,784 km",52.66,6.472936,geodetic,测地卫星,适合讲解空间科学、测地基准和特殊任务轨道。
451,科学/测地,COSMOS 1989 (ETALON 1),19751,1989-001C,MEO,"约19,126 km",64.95,2.13156,geodetic,测地卫星,适合讲解空间科学、测地基准和特殊任务轨道。
452,科学/测地,COSMOS 2024 (ETALON 2),20026,1989-039C,MEO,"约19,122 km",64.93,2.132046,geodetic,测地卫星,适合讲解空间科学、测地基准和特殊任务轨道。
453,科学/测地,LARES,38077,2012-006A,LEO,"约1,444 km",69.49,12.549322,geodetic,测地卫星,适合讲解空间科学、测地基准和特殊任务轨道。
454,科学/测地,LARES-2,53105,2022-080A,HEO/其他,"约5,889 km",70.16,6.389651,geodetic,测地卫星,适合讲解空间科学、测地基准和特殊任务轨道。
455,科学/测地,LARETS,27944,2003-042F,SSO/近极轨,约681 km,98.42,14.638699,geodetic,测地卫星,适合讲解空间科学、测地基准和特殊任务轨道。
456,科学/测地,STARLETTE,7646,1975-010A,LEO,约956 km,49.82,13.823504,geodetic,测地卫星,适合讲解空间科学、测地基准和特殊任务轨道。
457,科学/测地,STELLA,22824,1993-061B,SSO/近极轨,约800 km,98.77,14.274706,geodetic,测地卫星,适合讲解空间科学、测地基准和特殊任务轨道。
458,立方星/教育,CUBESAT XI-IV (CO-57),27848,2003-031J,SSO/近极轨,约813 km,98.68,14.236234,engineering,工程试验卫星,适合讲解小卫星、低成本任务和教育实验。
459,立方星/教育,AEROCUBE 4.5A,38767,2012-048K,LEO,约265 km,64.62,16.036018,cubesat,立方星,适合讲解小卫星、低成本任务和教育实验。
460,立方星/教育,AEROCUBE 5C,40965,2015-058B,LEO,约593 km,64.77,14.914815,cubesat,立方星,适合讲解小卫星、低成本任务和教育实验。
461,立方星/教育,AEROCUBE 6A,40045,2014-033AM,SSO/近极轨,约573 km,97.72,14.981594,cubesat,立方星,适合讲解小卫星、低成本任务和教育实验。
462,立方星/教育,AEROCUBE 6B,40046,2014-033AN,SSO/近极轨,约568 km,97.72,14.996309,cubesat,立方星,适合讲解小卫星、低成本任务和教育实验。
463,立方星/教育,AEROCUBE 7,40966,2015-058C,LEO,约580 km,64.76,14.957663,cubesat,立方星,适合讲解小卫星、低成本任务和教育实验。
464,立方星/教育,AEROCUBE 8C,41853,2016-067F,SSO/近极轨,约492 km,98.06,15.247479,cubesat,立方星,适合讲解小卫星、低成本任务和教育实验。
465,立方星/教育,AEROCUBE 8D,41852,2016-067E,SSO/近极轨,约492 km,98.07,15.244984,cubesat,立方星,适合讲解小卫星、低成本任务和教育实验。
466,立方星/教育,BISONSAT,40974,2015-058L,LEO,约517 km,64.76,15.163744,cubesat,立方星,适合讲解小卫星、低成本任务和教育实验。
467,立方星/教育,CANX-2,32790,2008-021H,SSO/近极轨,约550 km,97.86,15.056719,cubesat,立方星,适合讲解小卫星、低成本任务和教育实验。
468,立方星/教育,CANX-4,40055,2014-034C,SSO/近极轨,约625 km,98.31,14.812778,cubesat,立方星,适合讲解小卫星、低成本任务和教育实验。
469,立方星/教育,CANX-5,40056,2014-034D,SSO/近极轨,约625 km,98.31,14.812943,cubesat,立方星,适合讲解小卫星、低成本任务和教育实验。
470,立方星/教育,CELTEE 1,41850,2016-067C,SSO/近极轨,约507 km,98.07,15.19752,cubesat,立方星,适合讲解小卫星、低成本任务和教育实验。
471,立方星/教育,CORVUS BC1,42847,2017-042Y,SSO/近极轨,约547 km,97.41,15.065054,cubesat,立方星,适合讲解小卫星、低成本任务和教育实验。
472,立方星/教育,CORVUS BC2,42846,2017-042X,SSO/近极轨,约548 km,97.41,15.063422,cubesat,立方星,适合讲解小卫星、低成本任务和教育实验。
473,立方星/教育,CORVUS BC4,43767,2018-099K,SSO/近极轨,约529 km,97.41,15.125506,cubesat,立方星,适合讲解小卫星、低成本任务和教育实验。
474,立方星/教育,CROCUBE,62394,2024-247T,LEO,约421 km,44.97,15.486082,cubesat,立方星,适合讲解小卫星、低成本任务和教育实验。
475,立方星/教育,CUBESAT XI-V,28895,2005-043F,SSO/近极轨,约653 km,98.3,14.726479,amateur,业余无线电卫星,适合讲解小卫星、低成本任务和教育实验。
476,立方星/教育,FORESAIL-1 PRIME,66778,2025-276DS,SSO/近极轨,约510 km,97.42,15.187556,cubesat,立方星,适合讲解小卫星、低成本任务和教育实验。
477,立方星/教育,GRBBETA,60237,2024-128C,LEO,约547 km,61.99,15.066732,cubesat,立方星,适合讲解小卫星、低成本任务和教育实验。
478,立方星/教育,HORYU-4,41340,2016-012D,LEO,约263 km,30.98,16.043403,cubesat,立方星,适合讲解小卫星、低成本任务和教育实验。
479,立方星/教育,LASARSAT,62391,2024-247Q,LEO,约427 km,44.97,15.466787,cubesat,立方星,适合讲解小卫星、低成本任务和教育实验。
480,立方星/教育,LMRST-SAT,40971,2015-058H,LEO,约596 km,64.77,14.906108,cubesat,立方星,适合讲解小卫星、低成本任务和教育实验。
481,立方星/教育,M2 PATHFINDER,45727,2020-037E,SSO/近极轨,约553 km,97.81,15.046959,cubesat,立方星,适合讲解小卫星、低成本任务和教育实验。
482,立方星/教育,MAKERSAT 0,43016,2017-073D,SSO/近极轨,约469 km,97.46,15.322758,cubesat,立方星,适合讲解小卫星、低成本任务和教育实验。
483,立方星/教育,NANOSATC-BR1,40024,2014-033Q,SSO/近极轨,约471 km,98.07,15.316852,cubesat,立方星,适合讲解小卫星、低成本任务和教育实验。
484,立方星/教育,NEE-01 PEGASO,39151,2013-018B,SSO/近极轨,约587 km,98.12,14.936892,cubesat,立方星,适合讲解小卫星、低成本任务和教育实验。
485,立方星/教育,NEE-02 KRYSAOR,39441,2013-066AB,SSO/近极轨,约609 km,97.89,14.866506,cubesat,立方星,适合讲解小卫星、低成本任务和教育实验。
486,立方星/教育,NETSAT-1,46506,2020-068W,SSO/近极轨,约462 km,97.87,15.348026,cubesat,立方星,适合讲解小卫星、低成本任务和教育实验。
487,立方星/教育,NETSAT-2,46507,2020-068X,SSO/近极轨,约428 km,97.86,15.463047,cubesat,立方星,适合讲解小卫星、低成本任务和教育实验。
488,立方星/教育,NETSAT-3,46505,2020-068V,SSO/近极轨,约438 km,97.87,15.429214,cubesat,立方星,适合讲解小卫星、低成本任务和教育实验。
489,立方星/教育,NETSAT-4,46504,2020-068U,SSO/近极轨,约434 km,97.86,15.440988,cubesat,立方星,适合讲解小卫星、低成本任务和教育实验。
490,立方星/教育,OPTICUBE 04,41851,2016-067D,SSO/近极轨,约537 km,98.07,15.096904,cubesat,立方星,适合讲解小卫星、低成本任务和教育实验。
491,立方星/教育,PERSEUS-M1,40039,2014-033AF,SSO/近极轨,约580 km,97.96,14.956507,cubesat,立方星,适合讲解小卫星、低成本任务和教育实验。
492,立方星/教育,PERSEUS-M2,40037,2014-033AD,SSO/近极轨,约581 km,98.0,14.955377,cubesat,立方星,适合讲解小卫星、低成本任务和教育实验。
493,气象环境,ARCTIC WEATHER SATELLITE,60543,2024-149CD,SSO/近极轨,约599 km,97.68,14.897918,active,活跃航天器,适合讲解极轨/静止气象观测和地球环境监测。
494,空间站/载人航天,OUTPOST MISSION 2,58334,2023-174CG,SSO/近极轨,约393 km,97.4,15.581832,active,活跃航天器,适合讲解载人航天、交会对接和近地轨道运行。
495,火箭体/碎片,SL-16 R/B,19650,1988-102B,LEO,约838 km,71.0,14.161654,visual,肉眼可见经典目标,适合讲解空间碎片来源、再入风险和碰撞预警。
496,火箭体/碎片,SL-16 R/B,20625,1990-046B,LEO,约842 km,71.0,14.15027,visual,肉眼可见经典目标,适合讲解空间碎片来源、再入风险和碰撞预警。
497,火箭体/碎片,SL-16 R/B,22220,1992-076B,LEO,约836 km,71.0,14.168755,visual,肉眼可见经典目标,适合讲解空间碎片来源、再入风险和碰撞预警。
498,火箭体/碎片,SL-16 R/B,22285,1992-093B,LEO,约841 km,71.02,14.154599,visual,肉眼可见经典目标,适合讲解空间碎片来源、再入风险和碰撞预警。
499,火箭体/碎片,SL-16 R/B,22566,1993-016B,LEO,约841 km,71.01,14.153159,visual,肉眼可见经典目标,适合讲解空间碎片来源、再入风险和碰撞预警。
500,火箭体/碎片,SL-16 R/B,22803,1993-059B,LEO,约835 km,70.99,14.172471,visual,肉眼可见经典目标,适合讲解空间碎片来源、再入风险和碰撞预警。
